cell_id,PTPRC,CD3D,CD3E,CD19,MS4A1,COL1A1,COL3A1,VIM,PDGFRB,EPCAM,KRT8,KRT18,CDH1,MKI67,TOP2A,PCNA,TP53,CDKN1A,PECAM1,VWF
cell_0001,8.584,8.498,8.753,0.334,0.112,0.284,0.177,2.785,0.148,0.147,0.134,0.162,0.245,1.341,1.039,2.224,4.473,2.983,0.319,0.177
cell_0002,9.236,8.62,9.402,0.307,0.223,0.124,0.157,3.484,0.209,0.096,0.148,0.138,0.198,1.2,1.235,2.166,4.057,3.302,0.338,0.241
cell_0003,8.088,10.589,7.919,0.361,0.215,0.285,0.181,3.251,0.242,0.084,0.101,0.079,0.224,1.407,0.965,2.083,4.651,2.812,0.204,0.141
cell_0004,7.813,9.117,10.287,0.313,0.205,0.217,0.13,3.017,0.157,0.071,0.202,0.192,0.249,1.385,1.06,1.768,4.247,3.12,0.278,0.161
cell_0005,8.418,8.922,8.898,0.263,0.201,0.138,0.261,3.547,0.145,0.121,0.089,0.106,0.203,1.486,1.066,1.792,5.048,2.994,0.26,0.21
cell_0006,8.477,10.468,8.504,0.322,0.088,0.116,0.216,3.046,0.245,0.042,0.086,0.0,0.158,1.232,0.988,1.867,5.572,2.479,0.236,0.223
cell_0007,8.113,10.443,9.419,0.317,0.114,0.169,0.213,2.768,0.214,0.115,0.058,0.044,0.248,1.308,1.007,2.231,6.04,1.989,0.373,0.25
cell_0008,8.198,10.274,8.613,0.38,0.257,0.221,0.169,3.031,0.156,0.065,0.109,0.094,0.167,1.557,0.934,1.993,4.998,2.211,0.431,0.171
cell_0009,9.253,6.677,8.525,0.218,0.175,0.263,0.239,3.223,0.225,0.012,0.043,0.127,0.268,1.371,1.068,2.131,5.419,3.173,0.245,0.249
cell_0010,7.58,7.413,8.834,0.233,0.146,0.205,0.159,2.68,0.223,0.156,0.137,0.145,0.126,1.402,0.998,1.828,4.819,2.862,0.248,0.103
cell_0011,8.878,9.276,10.088,0.357,0.209,0.243,0.277,2.75,0.187,0.113,0.032,0.046,0.233,1.233,1.054,1.972,5.74,3.099,0.307,0.186
cell_0012,7.455,7.328,11.485,0.316,0.251,0.156,0.224,3.137,0.157,0.201,0.175,0.092,0.256,1.485,1.071,2.13,5.088,3.004,0.228,0.179
cell_0013,8.975,8.733,9.854,0.305,0.158,0.138,0.154,2.987,0.189,0.0,0.127,0.18,0.165,1.373,0.907,2.313,4.521,2.936,0.372,0.247
cell_0014,8.178,10.335,9.368,0.353,0.277,0.282,0.156,2.7,0.226,0.085,0.0,0.149,0.137,1.254,0.918,1.916,5.375,2.349,0.284,0.123
cell_0015,8.159,9.285,9.712,0.288,0.324,0.247,0.262,3.266,0.187,0.076,0.054,0.102,0.048,1.224,0.996,1.665,4.356,3.146,0.33,0.216
cell_0016,6.18,11.006,8.456,0.451,0.198,0.227,0.178,3.229,0.286,0.124,0.151,0.133,0.117,1.399,0.918,2.119,4.409,3.484,0.273,0.305
cell_0017,8.142,9.942,7.335,0.309,0.163,0.23,0.273,3.406,0.17,0.041,0.082,0.047,0.252,1.354,1.071,1.653,4.414,2.651,0.316,0.218
cell_0018,6.242,10.367,10.73,0.21,0.156,0.238,0.161,2.866,0.189,0.009,0.071,0.038,0.181,1.3,1.031,2.018,4.551,3.072,0.401,0.156
cell_0019,5.277,7.812,7.406,0.21,0.17,0.156,0.196,3.17,0.321,0.132,0.096,0.0,0.123,1.109,0.957,1.517,5.099,3.48,0.325,0.266
cell_0020,8.213,9.546,8.779,0.334,0.246,0.14,0.126,2.615,0.251,0.126,0.151,0.056,0.204,1.377,0.771,1.901,5.196,3.085,0.262,0.19
cell_0021,9.221,9.569,9.477,0.321,0.196,0.226,0.191,2.365,0.214,0.029,0.041,0.075,0.239,1.273,1.266,2.186,5.068,2.287,0.34,0.228
cell_0022,9.008,9.173,8.388,0.325,0.155,0.141,0.255,2.792,0.175,0.119,0.189,0.195,0.244,1.018,1.16,2.411,5.076,3.273,0.249,0.166
cell_0023,8.404,8.978,8.635,0.319,0.192,0.269,0.118,3.488,0.254,0.101,0.087,0.135,0.176,1.398,1.028,1.797,5.91,3.299,0.315,0.29
cell_0024,9.987,8.815,8.878,0.311,0.23,0.245,0.22,3.064,0.134,0.086,0.081,0.093,0.165,1.242,0.869,2.009,4.289,3.586,0.282,0.271
cell_0025,8.401,9.121,10.261,0.292,0.292,0.164,0.225,3.235,0.207,0.073,0.173,0.083,0.205,1.08,0.996,1.598,5.727,3.214,0.372,0.198
cell_0026,9.625,10.613,7.702,0.273,0.16,0.242,0.255,3.21,0.148,0.097,0.089,0.043,0.258,1.627,1.207,1.858,5.739,2.328,0.239,0.228
cell_0027,7.696,8.674,10.509,0.291,0.232,0.192,0.232,3.332,0.189,0.059,0.132,0.041,0.251,1.348,1.085,1.626,5.895,2.842,0.279,0.111
cell_0028,8.058,7.903,9.748,0.284,0.166,0.259,0.128,2.569,0.165,0.155,0.063,0.096,0.167,1.117,0.962,2.041,4.161,2.986,0.181,0.148
cell_0029,9.33,8.701,9.313,0.353,0.231,0.215,0.233,3.034,0.181,0.135,0.12,0.108,0.276,1.352,1.282,1.691,5.609,3.023,0.35,0.181
cell_0030,9.953,10.37,9.274,0.27,0.203,0.166,0.204,2.449,0.144,0.031,0.148,0.113,0.127,1.263,1.156,1.964,4.265,2.767,0.31,0.258
cell_0031,7.757,6.836,9.053,0.287,0.12,0.126,0.176,2.43,0.135,0.122,0.145,0.121,0.156,1.352,0.839,2.159,4.723,3.804,0.34,0.237
cell_0032,8.867,10.574,8.138,0.277,0.157,0.227,0.162,3.042,0.22,0.17,0.0,0.038,0.252,1.618,1.04,2.016,4.823,3.358,0.299,0.152
cell_0033,9.636,7.958,8.955,0.297,0.147,0.202,0.177,3.311,0.26,0.127,0.14,0.122,0.105,1.168,1.004,1.944,5.438,2.763,0.365,0.17
cell_0034,7.017,9.387,8.098,0.288,0.277,0.22,0.221,3.174,0.131,0.07,0.067,0.142,0.192,1.351,1.014,1.851,5.87,3.56,0.36,0.276
cell_0035,7.906,9.672,9.907,0.369,0.129,0.149,0.251,2.683,0.155,0.069,0.152,0.121,0.178,1.288,1.123,1.771,4.749,2.302,0.332,0.219
cell_0036,6.493,8.655,5.906,0.27,0.221,0.11,0.122,3.127,0.149,0.08,0.128,0.179,0.169,1.4,1.251,2.082,4.964,2.673,0.345,0.19
cell_0037,9.51,10.704,8.16,0.306,0.21,0.228,0.208,2.536,0.193,0.102,0.1,0.053,0.158,1.399,0.732,2.124,4.867,2.978,0.223,0.188
cell_0038,8.017,10.402,10.849,0.301,0.314,0.242,0.199,3.318,0.207,0.139,0.166,0.071,0.18,1.488,0.912,1.668,4.608,3.004,0.317,0.238
cell_0039,9.375,9.207,9.923,0.202,0.201,0.155,0.188,3.424,0.155,0.138,0.061,0.117,0.147,1.377,1.225,2.137,4.575,2.942,0.315,0.218
cell_0040,8.751,8.107,9.599,0.222,0.184,0.207,0.236,2.691,0.229,0.186,0.066,0.133,0.191,1.516,0.81,1.868,4.25,2.388,0.36,0.214
cell_0041,8.815,9.778,6.949,0.319,0.159,0.141,0.123,2.665,0.107,0.07,0.053,0.13,0.31,1.11,1.1,1.825,4.757,2.888,0.293,0.224
cell_0042,7.167,10.262,7.306,0.33,0.139,0.248,0.201,2.876,0.31,0.089,0.071,0.11,0.233,1.377,1.123,2.162,4.265,2.852,0.295,0.246
cell_0043,7.217,9.034,9.184,0.227,0.198,0.205,0.183,2.933,0.167,0.039,0.094,0.106,0.148,1.308,0.889,2.289,6.745,2.839,0.384,0.15
cell_0044,8.18,5.697,8.019,0.329,0.154,0.231,0.217,3.173,0.208,0.077,0.13,0.136,0.128,1.368,0.801,2.305,4.195,2.9,0.319,0.177
cell_0045,9.344,8.576,7.827,0.315,0.192,0.195,0.253,2.483,0.213,0.091,0.177,0.118,0.161,1.321,1.051,2.128,4.751,2.936,0.25,0.219
cell_0046,7.926,7.862,8.802,0.325,0.189,0.235,0.164,2.847,0.247,0.065,0.154,0.182,0.232,1.345,0.956,2.266,5.382,2.693,0.267,0.242
cell_0047,8.485,11.237,8.906,0.276,0.278,0.236,0.201,3.058,0.189,0.094,0.092,0.163,0.17,1.326,0.873,2.489,5.216,2.381,0.209,0.159
cell_0048,10.445,9.189,8.174,0.356,0.245,0.18,0.209,2.672,0.131,0.052,0.175,0.051,0.264,0.98,0.796,2.29,4.826,2.867,0.394,0.229
cell_0049,8.495,9.773,7.507,0.275,0.211,0.171,0.227,2.411,0.297,0.059,0.046,0.107,0.232,1.159,0.972,1.871,4.049,2.911,0.299,0.207
cell_0050,7.885,9.351,8.412,0.379,0.19,0.215,0.216,2.823,0.224,0.171,0.181,0.068,0.168,1.28,1.015,1.71,4.045,3.081,0.295,0.211
cell_0051,9.541,7.419,8.9,0.37,0.178,0.187,0.25,2.825,0.136,0.167,0.0,0.168,0.231,1.137,0.922,1.479,4.948,3.303,0.285,0.108
cell_0052,8.324,9.473,8.712,0.255,0.105,0.236,0.198,2.736,0.236,0.137,0.035,0.133,0.295,1.52,0.974,1.681,4.839,3.766,0.379,0.109
cell_0053,10.799,8.237,9.097,0.268,0.174,0.213,0.205,2.539,0.2,0.064,0.086,0.09,0.144,1.264,1.139,2.107,4.538,2.956,0.293,0.19
cell_0054,7.206,8.711,9.007,0.25,0.092,0.248,0.22,3.407,0.296,0.185,0.102,0.133,0.188,1.332,1.041,2.154,4.793,3.207,0.26,0.124
cell_0055,8.297,9.992,7.887,0.245,0.275,0.173,0.19,3.329,0.21,0.174,0.091,0.079,0.243,1.485,0.967,1.613,4.452,2.476,0.277,0.197
cell_0056,7.784,10.446,8.405,0.354,0.167,0.184,0.261,2.55,0.113,0.043,0.119,0.051,0.193,1.448,1.031,1.853,6.0,3.412,0.362,0.213
cell_0057,8.819,8.45,9.542,0.336,0.213,0.151,0.221,2.582,0.207,0.047,0.021,0.123,0.155,1.06,0.994,2.29,5.198,3.144,0.248,0.216
cell_0058,7.192,7.381,10.186,0.322,0.253,0.317,0.149,2.777,0.131,0.192,0.119,0.122,0.199,1.255,0.766,1.816,5.058,2.95,0.362,0.253
cell_0059,7.829,8.767,9.474,0.282,0.26,0.213,0.255,3.332,0.186,0.012,0.135,0.197,0.247,1.368,1.108,2.342,3.93,3.171,0.328,0.24
cell_0060,8.85,7.433,8.179,0.325,0.2,0.172,0.217,3.098,0.236,0.129,0.114,0.068,0.103,1.477,1.273,2.26,5.927,2.69,0.263,0.218
cell_0061,8.569,9.551,7.03,0.263,0.283,0.302,0.21,2.617,0.198,0.075,0.041,0.055,0.156,1.111,1.067,1.471,5.922,4.016,0.339,0.306
cell_0062,7.946,8.995,9.849,0.237,0.156,0.223,0.131,3.028,0.183,0.113,0.192,0.058,0.265,1.279,1.192,2.177,5.099,2.995,0.295,0.232
cell_0063,8.163,9.612,9.286,0.271,0.183,0.236,0.208,2.807,0.198,0.156,0.061,0.05,0.208,1.302,1.052,2.1,4.59,3.01,0.208,0.212
cell_0064,8.125,10.715,9.317,0.235,0.209,0.226,0.245,2.552,0.162,0.148,0.049,0.104,0.194,1.359,0.876,1.927,4.213,2.33,0.347,0.199
cell_0065,8.975,9.891,9.74,0.275,0.166,0.123,0.224,2.457,0.285,0.08,0.149,0.166,0.188,1.305,0.841,2.074,4.575,3.045,0.307,0.163
cell_0066,8.679,8.228,8.153,0.272,0.168,0.186,0.277,3.529,0.195,0.107,0.139,0.074,0.158,1.22,0.994,1.865,5.447,3.324,0.37,0.19
cell_0067,8.582,10.895,8.008,0.313,0.256,0.147,0.201,3.27,0.148,0.112,0.125,0.166,0.178,1.5,1.303,1.731,4.75,2.799,0.255,0.232
cell_0068,8.486,10.173,7.361,0.418,0.086,0.161,0.262,3.079,0.191,0.013,0.101,0.097,0.198,1.319,0.937,2.277,5.153,2.962,0.254,0.3
cell_0069,7.138,9.637,9.516,0.298,0.25,0.141,0.169,2.83,0.251,0.028,0.064,0.071,0.209,1.393,1.048,2.273,5.022,2.784,0.339,0.201
cell_0070,8.466,8.858,9.35,0.299,0.086,0.136,0.142,2.82,0.263,0.09,0.051,0.0,0.174,1.262,0.854,2.074,5.266,2.47,0.29,0.259
cell_0071,9.997,7.614,8.775,0.318,0.158,0.128,0.222,2.773,0.171,0.114,0.147,0.059,0.216,1.024,1.02,1.734,5.744,3.157,0.32,0.22
cell_0072,9.008,8.174,8.455,0.361,0.201,0.215,0.187,3.21,0.226,0.095,0.202,0.105,0.27,1.34,1.049,1.889,4.396,2.895,0.251,0.114
cell_0073,9.367,7.077,7.555,0.282,0.353,0.13,0.208,2.786,0.177,0.147,0.093,0.113,0.152,1.247,1.122,1.666,4.985,2.516,0.346,0.149
cell_0074,8.025,10.453,9.751,0.339,0.181,0.215,0.22,3.497,0.27,0.076,0.034,0.109,0.222,1.128,0.914,2.202,5.34,3.131,0.33,0.188
cell_0075,7.522,7.959,8.854,0.385,0.202,0.231,0.313,3.242,0.274,0.141,0.102,0.064,0.213,1.648,0.978,1.681,4.893,2.729,0.287,0.244
cell_0076,8.299,8.267,9.351,0.274,0.233,0.128,0.25,2.667,0.208,0.137,0.056,0.161,0.166,1.421,0.98,2.267,5.397,2.889,0.358,0.189
cell_0077,9.763,7.101,7.909,0.303,0.107,0.172,0.094,2.598,0.177,0.185,0.127,0.136,0.026,1.364,0.993,2.28,4.331,3.519,0.359,0.123
cell_0078,9.273,10.111,8.272,0.271,0.235,0.215,0.189,3.627,0.234,0.102,0.126,0.074,0.139,1.308,1.133,1.55,2.858,3.306,0.42,0.199
cell_0079,9.287,9.626,10.399,0.328,0.158,0.147,0.201,2.719,0.17,0.15,0.092,0.085,0.277,1.291,0.995,2.232,5.728,3.329,0.347,0.146
cell_0080,6.502,7.005,8.092,0.324,0.216,0.301,0.267,2.969,0.232,0.158,0.121,0.141,0.112,1.179,0.874,2.354,4.935,3.064,0.23,0.152
cell_0081,9.087,7.021,9.615,0.287,0.238,0.308,0.209,2.622,0.154,0.11,0.074,0.124,0.196,1.405,0.977,1.943,4.833,3.467,0.275,0.204
cell_0082,7.781,9.399,10.041,0.243,0.194,0.205,0.168,3.027,0.164,0.129,0.162,0.049,0.254,1.304,0.885,1.685,4.168,2.949,0.213,0.229
cell_0083,7.893,9.157,8.722,0.415,0.141,0.231,0.261,2.915,0.202,0.094,0.107,0.137,0.188,1.148,1.064,2.312,4.228,3.699,0.32,0.185
cell_0084,7.466,7.755,9.351,0.278,0.179,0.184,0.191,2.694,0.196,0.128,0.081,0.0,0.152,1.335,1.029,1.703,6.18,2.354,0.344,0.199
cell_0085,8.361,7.233,7.949,0.292,0.204,0.215,0.204,2.528,0.116,0.175,0.062,0.059,0.188,1.355,1.224,1.592,5.376,2.552,0.274,0.187
cell_0086,9.0,9.074,9.874,0.245,0.23,0.175,0.081,3.041,0.21,0.126,0.17,0.209,0.188,1.412,1.051,2.242,4.377,3.278,0.309,0.135
cell_0087,8.018,7.462,7.178,0.281,0.201,0.246,0.213,3.174,0.214,0.128,0.102,0.089,0.142,1.259,0.789,1.633,5.405,3.309,0.24,0.148
cell_0088,8.381,10.606,9.282,0.323,0.213,0.195,0.166,2.893,0.257,0.091,0.198,0.185,0.181,1.164,0.806,2.258,4.584,2.889,0.364,0.161
cell_0089,9.11,9.097,7.668,0.234,0.263,0.142,0.238,3.029,0.183,0.143,0.038,0.156,0.213,1.06,0.922,2.327,5.753,3.047,0.279,0.314
cell_0090,8.676,11.568,9.474,0.268,0.236,0.19,0.147,3.436,0.233,0.084,0.119,0.048,0.182,1.49,1.062,1.982,4.86,2.422,0.281,0.245
cell_0091,7.758,9.823,10.224,0.245,0.19,0.205,0.235,3.273,0.207,0.008,0.027,0.196,0.19,1.406,1.227,1.852,5.2,2.689,0.283,0.181
cell_0092,8.839,9.146,8.479,0.249,0.237,0.19,0.151,2.757,0.267,0.127,0.148,0.186,0.282,1.35,0.986,2.32,4.366,2.945,0.252,0.192
cell_0093,7.73,7.689,10.072,0.219,0.146,0.191,0.242,3.046,0.213,0.167,0.08,0.099,0.125,0.971,1.094,1.87,5.196,2.995,0.224,0.246
cell_0094,6.737,7.638,8.992,0.383,0.23,0.177,0.187,2.778,0.187,0.136,0.058,0.19,0.225,1.115,0.892,2.209,5.083,2.37,0.254,0.155
cell_0095,7.112,9.601,9.711,0.294,0.2,0.245,0.191,3.212,0.174,0.1,0.202,0.157,0.276,1.288,1.071,1.572,4.481,2.921,0.252,0.14
cell_0096,8.15,10.061,8.826,0.246,0.187,0.129,0.168,2.505,0.271,0.019,0.055,0.105,0.156,1.631,1.044,1.919,5.143,3.027,0.341,0.125
cell_0097,9.255,8.504,8.901,0.314,0.257,0.198,0.251,2.55,0.229,0.095,0.059,0.075,0.195,1.122,0.815,1.642,5.317,3.37,0.27,0.266
cell_0098,8.256,8.049,7.391,0.272,0.142,0.239,0.248,3.222,0.214,0.146,0.059,0.0,0.243,1.489,0.96,2.104,4.735,2.38,0.345,0.124
cell_0099,10.332,9.1,7.719,0.28,0.213,0.234,0.178,3.057,0.189,0.088,0.071,0.121,0.224,1.518,1.128,1.906,3.834,2.608,0.252,0.164
cell_0100,8.122,9.972,9.806,0.365,0.214,0.242,0.191,3.181,0.171,0.096,0.068,0.07,0.211,1.204,1.075,1.937,4.859,3.039,0.228,0.224
cell_0101,8.705,9.423,9.283,0.396,0.174,0.255,0.126,3.293,0.211,0.13,0.157,0.21,0.261,1.18,0.865,2.212,5.192,3.143,0.244,0.189
cell_0102,8.283,7.43,9.241,0.314,0.107,0.189,0.295,3.472,0.24,0.172,0.072,0.198,0.247,1.447,0.874,1.817,5.521,3.34,0.361,0.272
cell_0103,8.187,9.123,10.499,0.337,0.279,0.254,0.263,3.315,0.259,0.128,0.123,0.182,0.287,1.456,0.924,1.837,5.194,3.081,0.279,0.103
cell_0104,10.631,6.515,9.948,0.35,0.267,0.113,0.262,2.824,0.126,0.048,0.135,0.09,0.204,1.095,1.0,1.682,5.178,2.376,0.356,0.193
cell_0105,8.268,8.716,8.276,0.306,0.194,0.272,0.129,3.32,0.13,0.097,0.123,0.085,0.2,1.157,0.942,1.937,5.202,2.805,0.323,0.123
cell_0106,8.341,9.858,8.558,0.317,0.219,0.211,0.143,2.867,0.217,0.133,0.079,0.136,0.124,1.634,1.026,1.825,5.332,2.339,0.236,0.236
cell_0107,8.879,9.717,8.793,0.312,0.269,0.104,0.23,3.135,0.194,0.079,0.139,0.188,0.227,1.328,1.149,2.048,6.896,3.009,0.379,0.171
cell_0108,8.212,8.408,8.664,0.307,0.223,0.192,0.253,3.667,0.217,0.078,0.15,0.123,0.205,1.504,1.074,2.403,4.874,2.671,0.216,0.285
cell_0109,8.18,8.292,10.437,0.339,0.173,0.193,0.136,2.831,0.177,0.096,0.123,0.074,0.248,1.479,0.895,1.594,4.859,2.463,0.191,0.208
cell_0110,8.554,8.257,8.546,0.256,0.216,0.094,0.209,2.742,0.164,0.093,0.024,0.084,0.216,1.319,0.924,2.141,3.441,3.068,0.379,0.117
cell_0111,8.92,7.084,10.098,0.278,0.27,0.268,0.246,2.564,0.221,0.085,0.076,0.073,0.157,1.273,0.987,2.297,5.214,3.256,0.243,0.266
cell_0112,8.533,9.538,7.779,0.369,0.276,0.134,0.221,2.981,0.203,0.018,0.046,0.188,0.208,1.652,1.08,1.961,4.794,3.087,0.335,0.206
cell_0113,9.05,10.045,7.314,0.27,0.17,0.199,0.277,2.847,0.226,0.173,0.001,0.07,0.224,1.29,0.964,1.811,4.844,2.827,0.297,0.2
cell_0114,9.33,9.249,9.752,0.275,0.259,0.203,0.28,3.198,0.187,0.102,0.226,0.017,0.181,1.33,1.131,2.09,5.023,2.708,0.284,0.3
cell_0115,6.866,7.811,7.418,0.288,0.215,0.245,0.18,2.297,0.124,0.087,0.0,0.13,0.165,1.054,0.967,2.008,5.217,3.532,0.366,0.153
cell_0116,8.249,7.537,9.514,0.293,0.209,0.212,0.211,2.298,0.232,0.114,0.12,0.159,0.16,0.947,1.033,1.798,4.712,2.949,0.305,0.226
cell_0117,8.545,7.917,10.084,0.307,0.171,0.19,0.246,2.798,0.125,0.159,0.081,0.098,0.15,1.097,0.918,1.8,5.581,2.929,0.355,0.266
cell_0118,8.285,6.095,8.255,0.331,0.167,0.261,0.219,3.202,0.217,0.0,0.036,0.155,0.278,1.139,1.047,2.127,4.792,2.71,0.25,0.205
cell_0119,8.415,10.256,9.877,0.323,0.191,0.123,0.202,3.219,0.202,0.076,0.132,0.133,0.29,1.351,0.992,1.806,4.757,2.254,0.349,0.207
cell_0120,9.105,7.752,7.968,0.303,0.203,0.179,0.098,2.767,0.166,0.053,0.111,0.135,0.153,1.052,0.94,2.068,5.416,3.494,0.289,0.133
cell_0121,9.343,9.031,8.995,0.291,0.092,0.226,0.164,2.539,0.222,0.108,0.141,0.106,0.13,1.516,1.14,1.838,5.369,3.158,0.191,0.215
cell_0122,8.729,7.625,9.124,0.316,0.178,0.086,0.266,2.981,0.245,0.086,0.16,0.096,0.161,1.174,1.054,2.48,4.682,3.062,0.327,0.151
cell_0123,8.844,10.652,8.596,0.243,0.166,0.181,0.157,2.846,0.217,0.008,0.087,0.119,0.23,1.169,0.942,2.109,4.649,3.536,0.312,0.18
cell_0124,6.607,8.041,7.77,0.254,0.189,0.207,0.078,3.052,0.279,0.066,0.128,0.097,0.167,1.384,1.029,2.233,5.038,2.983,0.291,0.252
cell_0125,7.649,9.309,7.818,0.304,0.169,0.204,0.209,3.293,0.163,0.133,0.107,0.095,0.223,1.408,1.007,2.476,4.937,3.543,0.286,0.154
cell_0126,8.107,9.866,10.604,0.269,0.234,0.141,0.257,3.437,0.198,0.142,0.101,0.078,0.214,1.211,1.062,2.381,4.87,2.996,0.335,0.207
cell_0127,7.482,7.553,7.932,0.32,0.21,0.079,0.183,2.707,0.237,0.136,0.05,0.164,0.23,1.089,1.162,2.305,4.19,2.439,0.361,0.218
cell_0128,9.369,8.538,8.443,0.347,0.162,0.092,0.143,2.897,0.232,0.108,0.078,0.171,0.257,1.28,1.131,1.674,4.576,3.145,0.264,0.28
cell_0129,8.48,9.159,9.179,0.289,0.295,0.256,0.348,2.632,0.221,0.098,0.084,0.021,0.191,1.475,0.826,2.264,5.383,3.631,0.331,0.198
cell_0130,8.144,8.973,10.675,0.371,0.203,0.235,0.213,3.083,0.204,0.0,0.097,0.056,0.139,1.305,0.917,1.806,5.447,2.299,0.247,0.116
cell_0131,8.439,9.907,8.483,0.291,0.151,0.275,0.23,2.499,0.145,0.114,0.0,0.086,0.159,1.125,1.046,2.321,5.08,3.083,0.204,0.169
cell_0132,9.467,8.76,7.985,0.262,0.224,0.202,0.272,3.189,0.171,0.104,0.065,0.233,0.169,1.199,1.056,2.077,5.084,2.825,0.334,0.32
cell_0133,8.711,8.133,9.424,0.267,0.245,0.12,0.119,4.061,0.258,0.169,0.118,0.101,0.202,1.377,1.002,2.145,4.074,2.97,0.325,0.23
cell_0134,7.919,8.102,9.331,0.221,0.158,0.17,0.184,3.273,0.162,0.062,0.144,0.094,0.252,1.283,1.02,2.598,5.271,2.737,0.296,0.24
cell_0135,8.012,7.598,8.409,0.29,0.211,0.214,0.183,3.217,0.251,0.072,0.136,0.14,0.218,1.361,1.201,1.944,3.465,3.405,0.204,0.159
cell_0136,7.069,9.466,8.671,0.317,0.245,0.228,0.17,2.859,0.184,0.091,0.093,0.123,0.14,1.262,1.087,2.71,5.06,3.238,0.319,0.189
cell_0137,7.492,10.206,8.16,0.277,0.268,0.107,0.203,3.382,0.192,0.085,0.011,0.115,0.175,1.138,1.169,2.216,5.085,2.526,0.326,0.24
cell_0138,6.36,8.63,9.462,0.213,0.298,0.216,0.149,3.127,0.287,0.137,0.154,0.014,0.219,1.2,0.94,1.994,4.746,3.012,0.291,0.298
cell_0139,9.599,9.334,9.197,0.269,0.191,0.238,0.277,3.583,0.135,0.101,0.118,0.12,0.156,1.123,1.181,2.06,5.148,2.791,0.331,0.201
cell_0140,8.493,8.902,10.425,0.303,0.217,0.256,0.203,3.05,0.171,0.113,0.065,0.157,0.16,1.332,1.019,1.998,5.098,2.407,0.225,0.248
cell_0141,7.978,7.103,9.73,0.288,0.233,0.243,0.146,3.512,0.162,0.158,0.096,0.114,0.213,1.355,0.97,1.907,4.873,3.112,0.332,0.221
cell_0142,8.573,8.049,9.821,0.174,0.233,0.209,0.189,3.188,0.183,0.055,0.118,0.097,0.246,1.136,0.979,1.955,3.973,2.785,0.447,0.196
cell_0143,8.455,6.119,10.267,0.272,0.237,0.202,0.173,3.562,0.191,0.071,0.106,0.12,0.213,1.345,1.242,1.687,5.412,3.072,0.237,0.237
cell_0144,8.125,10.15,8.045,0.384,0.169,0.132,0.228,2.604,0.179,0.06,0.155,0.086,0.234,1.274,1.09,1.962,4.995,2.694,0.314,0.143
cell_0145,8.768,10.596,9.061,0.271,0.231,0.11,0.244,3.042,0.217,0.024,0.055,0.041,0.268,1.614,0.821,1.812,5.125,2.594,0.25,0.191
cell_0146,9.023,10.077,9.899,0.321,0.138,0.216,0.104,3.285,0.097,0.189,0.24,0.111,0.235,1.428,0.906,2.081,5.753,3.059,0.339,0.243
cell_0147,7.644,8.183,8.293,0.283,0.206,0.168,0.204,3.677,0.205,0.188,0.138,0.188,0.164,1.403,1.126,2.095,4.505,2.796,0.271,0.194
cell_0148,8.516,9.048,10.919,0.32,0.233,0.184,0.108,3.184,0.256,0.078,0.083,0.182,0.367,1.075,1.205,2.242,4.761,2.776,0.268,0.166
cell_0149,8.325,10.006,8.59,0.237,0.086,0.168,0.165,2.761,0.181,0.079,0.216,0.0,0.281,1.326,1.209,2.098,4.751,2.442,0.322,0.171
cell_0150,7.897,8.458,7.15,0.258,0.188,0.189,0.103,3.025,0.336,0.124,0.147,0.023,0.197,1.373,1.358,2.37,6.019,2.852,0.264,0.21
cell_0151,8.768,8.357,8.177,0.438,0.28,0.184,0.139,3.693,0.203,0.058,0.071,0.141,0.262,1.094,0.867,1.985,5.216,3.294,0.357,0.222
cell_0152,7.638,9.603,7.777,0.347,0.213,0.207,0.295,2.842,0.212,0.142,0.132,0.065,0.238,1.357,1.074,1.966,5.024,2.638,0.261,0.182
cell_0153,8.933,10.235,9.367,0.274,0.198,0.264,0.157,2.893,0.171,0.148,0.199,0.058,0.07,1.443,0.994,1.642,5.81,3.774,0.266,0.249
cell_0154,9.188,8.914,7.7,0.357,0.22,0.189,0.173,2.271,0.217,0.081,0.177,0.067,0.069,1.381,1.066,1.595,5.514,2.272,0.359,0.25
cell_0155,8.897,9.64,7.84,0.291,0.28,0.215,0.196,3.549,0.207,0.039,0.058,0.151,0.269,1.282,0.935,2.383,4.899,3.121,0.259,0.228
cell_0156,8.383,8.517,9.788,0.317,0.138,0.199,0.084,3.057,0.203,0.063,0.158,0.091,0.236,1.326,1.034,2.044,6.448,3.626,0.297,0.218
cell_0157,10.209,8.324,8.175,0.274,0.151,0.245,0.11,3.576,0.112,0.044,0.227,0.01,0.152,1.226,0.835,2.357,5.332,3.273,0.296,0.144
cell_0158,7.541,9.137,6.858,0.351,0.189,0.142,0.195,3.586,0.227,0.075,0.033,0.055,0.136,1.15,1.207,1.963,4.829,3.202,0.267,0.212
cell_0159,7.817,9.469,9.336,0.339,0.113,0.143,0.115,2.55,0.156,0.144,0.077,0.098,0.184,1.452,0.911,1.977,5.374,2.183,0.329,0.201
cell_0160,9.765,8.916,9.216,0.25,0.166,0.24,0.154,2.617,0.17,0.169,0.131,0.16,0.313,1.394,1.031,1.914,5.544,3.076,0.321,0.274
cell_0161,8.76,0.298,0.176,9.945,8.622,0.243,0.164,1.892,0.226,0.12,0.113,0.155,0.204,1.097,0.967,1.395,5.48,2.537,0.233,0.295
cell_0162,8.359,0.268,0.271,8.429,8.413,0.248,0.194,2.305,0.229,0.184,0.092,0.109,0.165,0.997,1.077,1.995,4.923,3.083,0.173,0.19
cell_0163,5.211,0.235,0.269,8.857,7.047,0.166,0.281,2.401,0.158,0.101,0.079,0.131,0.164,1.189,0.904,2.18,4.724,3.098,0.2,0.26
cell_0164,8.173,0.327,0.284,10.267,7.467,0.136,0.225,1.7,0.168,0.094,0.128,0.005,0.209,1.01,0.994,1.733,4.758,3.009,0.236,0.189
cell_0165,8.357,0.356,0.165,8.918,10.754,0.141,0.242,2.15,0.274,0.016,0.124,0.18,0.155,1.095,0.888,1.92,4.75,3.22,0.19,0.151
cell_0166,6.881,0.323,0.215,8.857,10.249,0.153,0.226,2.313,0.209,0.0,0.118,0.095,0.302,1.142,0.761,1.809,5.562,3.52,0.171,0.119
cell_0167,8.131,0.286,0.142,8.114,8.69,0.288,0.256,2.273,0.208,0.125,0.099,0.173,0.167,1.078,0.86,2.11,5.234,3.07,0.22,0.229
cell_0168,7.592,0.372,0.143,7.502,6.821,0.227,0.146,1.97,0.119,0.091,0.005,0.054,0.225,1.008,0.961,1.615,4.313,2.973,0.229,0.206
cell_0169,8.511,0.292,0.158,9.768,7.145,0.193,0.211,1.845,0.164,0.144,0.149,0.159,0.186,0.924,0.882,1.999,4.511,3.576,0.194,0.256
cell_0170,7.435,0.267,0.232,8.888,9.566,0.236,0.132,1.716,0.265,0.06,0.049,0.051,0.232,1.02,0.96,2.137,5.655,2.079,0.277,0.233
cell_0171,7.652,0.319,0.278,9.411,8.536,0.18,0.186,2.001,0.198,0.142,0.164,0.071,0.239,1.284,0.757,2.015,5.006,3.443,0.294,0.24
cell_0172,8.219,0.353,0.14,9.184,9.465,0.167,0.177,2.052,0.241,0.128,0.06,0.096,0.272,1.258,0.762,1.685,5.85,2.852,0.164,0.29
cell_0173,9.117,0.418,0.236,8.895,7.985,0.272,0.186,2.19,0.194,0.116,0.084,0.114,0.179,0.988,0.963,1.754,5.872,3.376,0.157,0.107
cell_0174,7.667,0.305,0.218,7.751,7.45,0.255,0.136,1.885,0.188,0.142,0.047,0.06,0.29,1.119,1.005,1.639,4.956,3.256,0.197,0.15
cell_0175,9.046,0.367,0.134,7.699,8.244,0.198,0.251,1.853,0.128,0.123,0.172,0.158,0.225,0.92,0.977,1.846,5.198,3.592,0.076,0.256
cell_0176,8.951,0.387,0.116,9.879,10.112,0.187,0.204,1.635,0.256,0.096,0.096,0.017,0.137,1.33,1.061,1.642,5.403,3.707,0.184,0.113
cell_0177,7.57,0.407,0.148,6.137,8.46,0.217,0.236,2.227,0.164,0.076,0.123,0.111,0.061,1.045,0.951,1.673,6.046,2.741,0.243,0.172
cell_0178,8.463,0.259,0.225,9.662,9.463,0.166,0.23,1.709,0.228,0.08,0.146,0.082,0.16,1.285,1.088,2.147,5.024,3.42,0.223,0.25
cell_0179,8.363,0.356,0.219,7.726,10.338,0.188,0.244,2.151,0.222,0.18,0.108,0.082,0.091,1.242,0.698,1.439,4.561,3.099,0.21,0.166
cell_0180,9.029,0.276,0.189,8.445,8.678,0.144,0.277,2.095,0.263,0.103,0.065,0.179,0.111,1.128,0.848,2.154,5.73,2.861,0.174,0.189
cell_0181,9.327,0.317,0.141,8.875,9.154,0.183,0.25,1.994,0.157,0.146,0.099,0.143,0.231,1.062,0.985,1.925,3.765,3.479,0.231,0.167
cell_0182,7.784,0.282,0.17,9.798,9.275,0.19,0.208,1.632,0.218,0.077,0.0,0.091,0.191,1.165,0.769,1.503,5.782,2.647,0.225,0.195
cell_0183,9.882,0.275,0.265,9.237,8.935,0.205,0.178,2.207,0.172,0.17,0.132,0.101,0.253,1.201,0.771,1.844,4.601,3.625,0.211,0.25
cell_0184,7.566,0.24,0.208,7.1,8.855,0.245,0.263,2.091,0.237,0.037,0.121,0.254,0.163,0.89,1.134,2.125,5.77,3.372,0.175,0.173
cell_0185,8.045,0.319,0.232,9.806,9.175,0.145,0.135,1.94,0.229,0.139,0.03,0.177,0.271,1.456,0.799,1.692,4.891,3.539,0.179,0.271
cell_0186,7.276,0.275,0.221,8.298,9.378,0.143,0.21,2.312,0.24,0.019,0.185,0.126,0.209,1.015,0.851,1.521,5.854,3.216,0.272,0.273
cell_0187,8.619,0.305,0.12,10.119,8.719,0.219,0.146,1.992,0.149,0.141,0.111,0.167,0.215,1.112,0.951,1.834,4.304,3.536,0.207,0.231
cell_0188,6.514,0.304,0.198,8.485,8.681,0.228,0.182,1.723,0.234,0.14,0.116,0.061,0.193,1.215,1.061,2.153,6.405,2.466,0.257,0.244
cell_0189,8.819,0.303,0.266,8.571,8.05,0.174,0.189,1.658,0.243,0.0,0.137,0.111,0.185,0.974,0.928,2.136,5.219,2.978,0.238,0.248
cell_0190,8.357,0.301,0.275,8.48,10.971,0.206,0.23,2.039,0.248,0.015,0.114,0.111,0.193,1.093,0.977,1.842,6.189,3.382,0.302,0.112
cell_0191,10.01,0.364,0.134,8.985,8.685,0.137,0.243,1.969,0.301,0.048,0.118,0.131,0.305,0.914,0.981,2.204,5.403,3.249,0.245,0.164
cell_0192,8.351,0.327,0.189,9.603,8.359,0.14,0.193,1.979,0.288,0.133,0.074,0.039,0.216,1.118,0.83,2.088,4.945,2.526,0.226,0.262
cell_0193,7.905,0.326,0.134,9.284,7.671,0.232,0.215,2.036,0.19,0.177,0.056,0.186,0.161,1.121,0.725,1.86,5.77,3.415,0.222,0.249
cell_0194,7.941,0.276,0.3,6.859,9.36,0.214,0.292,2.206,0.175,0.109,0.107,0.147,0.253,0.892,0.854,1.81,5.374,3.133,0.286,0.165
cell_0195,7.498,0.26,0.222,10.527,8.292,0.269,0.102,1.923,0.148,0.108,0.167,0.111,0.253,1.169,0.928,1.839,4.666,3.496,0.167,0.118
cell_0196,6.998,0.298,0.158,8.131,8.546,0.175,0.204,1.808,0.222,0.04,0.097,0.043,0.245,1.011,0.881,1.752,4.486,3.421,0.147,0.213
cell_0197,8.43,0.239,0.195,10.034,9.312,0.191,0.167,2.035,0.135,0.07,0.205,0.084,0.238,1.22,1.044,1.576,5.163,2.738,0.202,0.208
cell_0198,7.5,0.299,0.213,8.536,8.108,0.146,0.199,1.754,0.229,0.116,0.162,0.037,0.158,1.177,0.905,1.821,5.267,2.916,0.17,0.13
cell_0199,7.57,0.307,0.285,7.543,8.014,0.239,0.217,1.99,0.174,0.181,0.107,0.062,0.26,1.119,0.946,1.812,5.584,3.093,0.294,0.214
cell_0200,7.486,0.29,0.166,11.137,9.311,0.236,0.259,1.759,0.265,0.062,0.079,0.129,0.158,1.183,1.122,1.973,5.952,3.902,0.223,0.249
cell_0201,5.932,0.313,0.21,8.771,8.762,0.258,0.258,2.17,0.135,0.045,0.138,0.068,0.197,1.102,0.751,1.515,4.521,2.53,0.291,0.111
cell_0202,8.303,0.328,0.228,9.233,7.933,0.122,0.144,2.039,0.217,0.152,0.114,0.119,0.272,1.179,0.946,1.742,3.422,2.474,0.228,0.113
cell_0203,8.644,0.261,0.166,9.409,8.629,0.232,0.169,2.076,0.222,0.052,0.102,0.109,0.194,0.945,0.83,1.815,3.805,3.215,0.267,0.16
cell_0204,7.824,0.248,0.266,10.347,8.786,0.218,0.159,2.144,0.196,0.105,0.159,0.0,0.226,1.217,1.024,1.852,4.921,2.488,0.267,0.102
cell_0205,8.266,0.314,0.24,9.404,9.69,0.249,0.18,2.349,0.248,0.046,0.156,0.094,0.128,1.121,0.984,1.583,4.722,2.831,0.142,0.212
cell_0206,7.441,0.346,0.233,8.72,7.234,0.244,0.25,1.925,0.187,0.077,0.074,0.095,0.253,1.026,0.99,1.786,4.632,3.28,0.149,0.125
cell_0207,7.433,0.347,0.156,11.17,11.22,0.116,0.206,1.823,0.15,0.088,0.129,0.05,0.148,0.88,0.91,2.167,5.27,2.59,0.222,0.21
cell_0208,7.896,0.373,0.143,6.875,8.821,0.257,0.284,1.781,0.159,0.087,0.08,0.187,0.267,0.974,0.739,2.033,4.868,2.839,0.2,0.188
cell_0209,8.558,0.194,0.257,8.474,8.979,0.152,0.177,2.114,0.139,0.041,0.083,0.102,0.275,1.141,0.832,2.228,4.469,3.125,0.245,0.158
cell_0210,7.016,0.251,0.141,9.286,9.379,0.177,0.246,1.572,0.2,0.167,0.106,0.106,0.097,1.353,0.846,1.724,6.212,3.066,0.151,0.252
cell_0211,9.663,0.296,0.239,10.273,8.499,0.234,0.195,1.538,0.231,0.09,0.165,0.029,0.22,0.902,0.95,1.818,3.608,2.943,0.214,0.251
cell_0212,7.324,0.224,0.25,9.626,8.337,0.189,0.255,2.127,0.274,0.12,0.144,0.058,0.203,1.026,0.934,1.742,5.05,3.297,0.135,0.172
cell_0213,8.003,0.317,0.209,9.097,8.798,0.189,0.184,2.106,0.174,0.063,0.161,0.112,0.173,1.04,0.75,1.441,5.82,3.181,0.174,0.209
cell_0214,7.463,0.305,0.261,9.064,7.769,0.167,0.22,1.602,0.275,0.121,0.155,0.022,0.175,1.148,0.871,1.857,5.39,2.648,0.143,0.153
cell_0215,8.393,0.386,0.182,9.897,8.439,0.141,0.157,2.181,0.203,0.063,0.057,0.187,0.12,1.182,0.819,1.589,5.467,2.579,0.105,0.202
cell_0216,9.51,0.257,0.174,8.825,9.667,0.271,0.216,2.066,0.155,0.074,0.032,0.189,0.287,0.962,1.02,1.856,4.541,3.678,0.165,0.192
cell_0217,8.693,0.326,0.103,9.195,10.304,0.175,0.108,2.123,0.277,0.01,0.017,0.035,0.287,1.268,1.049,1.445,5.351,3.173,0.191,0.194
cell_0218,8.257,0.225,0.22,11.022,7.162,0.198,0.234,2.035,0.103,0.118,0.19,0.026,0.174,1.067,0.82,1.883,4.976,3.258,0.263,0.154
cell_0219,8.175,0.325,0.167,10.391,9.177,0.129,0.184,1.513,0.197,0.058,0.032,0.185,0.338,1.196,0.849,1.67,5.338,3.573,0.228,0.117
cell_0220,8.29,0.263,0.16,9.352,9.165,0.251,0.148,2.043,0.281,0.099,0.087,0.104,0.211,1.329,0.939,1.56,5.154,2.245,0.175,0.167
cell_0221,7.018,0.349,0.233,10.133,9.533,0.174,0.291,2.062,0.133,0.086,0.053,0.125,0.133,1.097,0.883,1.73,5.351,2.677,0.109,0.182
cell_0222,9.979,0.196,0.16,10.958,9.466,0.245,0.243,1.852,0.19,0.0,0.031,0.0,0.151,1.266,0.851,2.003,5.017,3.371,0.13,0.157
cell_0223,8.169,0.331,0.219,10.359,9.73,0.201,0.231,2.069,0.154,0.143,0.113,0.112,0.161,1.049,1.012,1.816,5.276,3.118,0.214,0.107
cell_0224,9.895,0.309,0.173,8.167,8.117,0.171,0.169,1.48,0.194,0.075,0.144,0.135,0.171,1.169,1.025,1.761,5.225,2.973,0.185,0.152
cell_0225,8.483,0.305,0.256,9.944,9.311,0.236,0.243,1.821,0.301,0.118,0.09,0.1,0.224,1.264,0.942,2.229,4.846,3.65,0.142,0.192
cell_0226,10.1,0.191,0.132,10.472,9.868,0.093,0.262,1.676,0.256,0.096,0.14,0.055,0.295,1.116,0.801,1.471,5.276,3.122,0.159,0.251
cell_0227,6.903,0.395,0.165,9.374,9.933,0.162,0.18,2.31,0.154,0.045,0.093,0.11,0.281,1.274,1.038,1.986,5.749,2.68,0.208,0.329
cell_0228,9.319,0.284,0.194,9.023,11.446,0.134,0.166,2.317,0.174,0.122,0.125,0.065,0.163,0.957,0.99,1.44,5.868,2.592,0.25,0.214
cell_0229,8.736,0.366,0.134,9.703,7.284,0.219,0.277,2.039,0.176,0.087,0.091,0.061,0.204,1.017,0.769,1.824,4.742,3.386,0.206,0.228
cell_0230,7.304,0.252,0.216,10.605,9.379,0.21,0.295,1.975,0.225,0.056,0.105,0.082,0.247,1.037,0.802,1.727,5.855,3.89,0.13,0.171
cell_0231,8.686,0.28,0.265,9.478,5.163,0.181,0.199,2.621,0.208,0.15,0.145,0.017,0.297,1.156,0.857,1.457,5.852,3.278,0.159,0.192
cell_0232,7.145,0.264,0.179,8.999,8.65,0.249,0.151,2.331,0.271,0.052,0.172,0.155,0.124,1.153,0.919,1.662,5.567,3.493,0.188,0.263
cell_0233,9.393,0.333,0.301,10.438,8.774,0.198,0.177,1.86,0.257,0.097,0.062,0.076,0.136,1.1,0.975,1.97,5.982,3.025,0.172,0.135
cell_0234,10.467,0.234,0.097,9.379,9.036,0.135,0.237,2.098,0.171,0.165,0.12,0.112,0.228,0.866,0.888,1.722,5.29,2.875,0.223,0.314
cell_0235,8.768,0.308,0.228,8.675,9.028,0.214,0.219,1.722,0.19,0.096,0.058,0.123,0.205,1.151,0.88,1.799,5.961,3.633,0.236,0.174
cell_0236,9.305,0.383,0.259,9.745,8.765,0.187,0.099,2.201,0.112,0.043,0.137,0.148,0.157,1.116,0.768,2.008,4.19,2.8,0.234,0.194
cell_0237,9.217,0.266,0.154,8.56,9.942,0.275,0.147,2.05,0.177,0.114,0.159,0.088,0.272,0.931,0.76,1.675,5.455,2.855,0.189,0.258
cell_0238,7.279,0.302,0.233,10.882,9.832,0.219,0.297,2.01,0.13,0.122,0.096,0.125,0.23,0.838,0.697,2.219,5.219,2.927,0.261,0.207
cell_0239,7.286,0.311,0.208,8.521,7.373,0.106,0.249,2.132,0.14,0.131,0.126,0.091,0.197,1.02,0.845,2.059,4.506,3.162,0.18,0.251
cell_0240,8.027,0.263,0.185,8.028,7.683,0.222,0.29,2.354,0.18,0.071,0.0,0.043,0.161,1.03,1.113,1.792,4.977,2.999,0.233,0.139
cell_0241,6.631,0.282,0.209,9.296,10.761,0.23,0.135,1.745,0.286,0.182,0.171,0.138,0.125,1.129,0.887,1.695,5.221,3.81,0.217,0.253
cell_0242,7.423,0.262,0.293,9.339,9.366,0.122,0.093,1.908,0.338,0.122,0.057,0.048,0.107,1.265,0.978,1.287,6.451,3.055,0.267,0.154
cell_0243,7.643,0.274,0.172,6.957,9.313,0.184,0.174,1.973,0.161,0.083,0.163,0.111,0.169,1.189,0.804,1.88,5.535,3.296,0.238,0.223
cell_0244,8.507,0.317,0.228,9.205,5.273,0.206,0.139,2.037,0.213,0.137,0.127,0.032,0.19,1.078,0.862,1.769,4.83,2.964,0.161,0.244
cell_0245,7.957,0.193,0.205,9.677,8.287,0.175,0.242,1.465,0.284,0.122,0.099,0.093,0.264,0.971,0.816,1.5,5.149,3.699,0.203,0.112
cell_0246,9.662,0.32,0.199,8.316,7.543,0.217,0.233,2.275,0.225,0.148,0.096,0.074,0.205,1.26,1.172,1.772,4.595,2.517,0.271,0.166
cell_0247,8.169,0.254,0.168,8.759,8.594,0.162,0.169,1.707,0.232,0.099,0.112,0.112,0.126,0.912,0.946,1.36,5.664,2.841,0.162,0.187
cell_0248,10.774,0.294,0.207,8.467,8.123,0.124,0.263,1.887,0.224,0.133,0.077,0.123,0.203,1.065,0.987,1.846,5.157,3.021,0.118,0.221
cell_0249,8.497,0.379,0.212,6.601,9.223,0.267,0.224,1.358,0.196,0.098,0.134,0.073,0.207,1.146,0.765,1.954,4.828,2.664,0.203,0.259
cell_0250,7.953,0.361,0.315,9.053,9.724,0.233,0.224,2.032,0.149,0.038,0.119,0.014,0.194,1.167,0.782,1.879,5.406,3.206,0.238,0.128
cell_0251,6.937,0.295,0.161,9.821,8.632,0.087,0.207,2.097,0.22,0.161,0.115,0.077,0.147,0.937,0.862,1.554,5.058,3.076,0.252,0.213
cell_0252,8.404,0.317,0.191,7.378,9.735,0.203,0.21,2.197,0.142,0.058,0.098,0.142,0.223,1.35,0.875,1.851,5.629,3.026,0.19,0.221
cell_0253,7.835,0.317,0.142,9.175,8.127,0.17,0.245,2.003,0.214,0.111,0.138,0.134,0.28,1.107,0.828,1.852,5.622,3.7,0.16,0.191
cell_0254,8.296,0.268,0.153,8.726,7.258,0.146,0.189,2.265,0.164,0.154,0.035,0.092,0.172,1.106,1.024,2.055,5.668,2.903,0.182,0.241
cell_0255,7.845,0.375,0.208,7.381,8.582,0.156,0.283,1.589,0.306,0.047,0.103,0.135,0.246,1.297,0.849,1.981,5.365,3.274,0.277,0.209
cell_0256,7.823,0.291,0.187,8.779,9.078,0.216,0.182,1.973,0.165,0.047,0.098,0.187,0.161,1.136,0.808,1.479,5.112,2.537,0.184,0.212
cell_0257,7.3,0.314,0.216,10.435,9.126,0.21,0.116,1.76,0.18,0.105,0.222,0.061,0.251,1.067,1.008,2.074,4.151,3.707,0.22,0.197
cell_0258,9.194,0.331,0.224,8.703,8.153,0.156,0.246,1.785,0.194,0.068,0.085,0.0,0.298,1.352,0.71,1.985,5.376,3.425,0.211,0.269
cell_0259,8.375,0.3,0.219,8.84,7.618,0.108,0.155,1.926,0.2,0.108,0.097,0.128,0.273,0.872,0.992,1.845,4.545,3.458,0.194,0.307
cell_0260,7.62,0.274,0.131,10.751,9.911,0.238,0.194,1.621,0.19,0.073,0.033,0.071,0.262,1.054,0.838,1.513,4.656,3.088,0.179,0.154
cell_0261,6.641,0.312,0.281,8.761,6.946,0.185,0.184,1.963,0.166,0.049,0.06,0.158,0.236,1.027,0.816,2.302,4.638,3.657,0.294,0.265
cell_0262,7.977,0.324,0.274,7.257,8.624,0.272,0.173,1.976,0.19,0.059,0.127,0.142,0.174,1.05,0.807,1.621,4.96,2.94,0.189,0.111
cell_0263,7.671,0.331,0.085,9.204,8.956,0.148,0.078,2.211,0.141,0.176,0.121,0.069,0.245,1.091,0.959,1.723,4.846,2.018,0.21,0.153
cell_0264,7.72,0.264,0.232,10.159,8.583,0.176,0.277,1.996,0.217,0.091,0.113,0.075,0.142,1.154,1.057,1.906,4.793,3.231,0.209,0.155
cell_0265,7.086,0.231,0.237,8.151,8.258,0.201,0.23,2.084,0.19,0.191,0.101,0.106,0.202,1.058,0.863,1.422,4.312,2.867,0.207,0.196
cell_0266,7.083,0.33,0.289,8.848,7.184,0.136,0.247,2.139,0.178,0.092,0.061,0.1,0.146,1.136,0.852,2.062,4.9,3.244,0.197,0.162
cell_0267,8.947,0.329,0.188,10.722,9.34,0.14,0.21,2.149,0.191,0.113,0.163,0.124,0.258,1.128,0.674,1.653,3.843,3.568,0.174,0.193
cell_0268,7.393,0.238,0.116,9.012,8.715,0.216,0.217,1.414,0.207,0.096,0.108,0.116,0.185,1.242,0.95,1.677,5.377,2.632,0.291,0.128
cell_0269,9.92,0.305,0.127,9.5,8.661,0.239,0.231,1.874,0.22,0.166,0.086,0.148,0.149,0.827,0.832,1.841,5.402,3.57,0.168,0.184
cell_0270,8.36,0.362,0.186,8.674,10.03,0.181,0.234,1.709,0.189,0.097,0.0,0.216,0.206,1.131,0.854,2.062,5.091,3.406,0.211,0.197
cell_0271,7.159,0.271,0.263,11.564,8.969,0.201,0.237,2.192,0.193,0.081,0.22,0.118,0.225,1.043,0.734,1.648,4.477,3.125,0.189,0.091
cell_0272,8.563,0.252,0.157,10.459,8.204,0.188,0.211,2.046,0.194,0.115,0.128,0.005,0.238,1.183,0.95,1.908,5.07,2.275,0.238,0.197
cell_0273,8.076,0.263,0.12,8.466,8.723,0.189,0.12,1.903,0.222,0.138,0.119,0.081,0.173,1.105,1.063,1.728,5.23,2.969,0.095,0.235
cell_0274,8.637,0.289,0.168,9.208,8.392,0.185,0.17,2.121,0.142,0.034,0.12,0.031,0.205,1.072,0.886,1.499,4.985,3.409,0.148,0.209
cell_0275,8.233,0.255,0.222,9.29,6.896,0.227,0.198,2.014,0.234,0.077,0.117,0.096,0.147,1.008,1.045,1.774,4.623,3.143,0.132,0.206
cell_0276,8.226,0.241,0.246,10.232,8.546,0.159,0.174,2.26,0.142,0.176,0.111,0.009,0.293,1.064,0.919,1.55,5.489,3.137,0.287,0.15
cell_0277,8.455,0.281,0.188,6.954,9.872,0.298,0.184,2.159,0.247,0.013,0.135,0.146,0.195,0.999,0.943,1.901,4.589,2.931,0.157,0.138
cell_0278,7.882,0.25,0.174,8.476,8.017,0.265,0.136,2.0,0.152,0.042,0.104,0.001,0.133,1.144,0.846,1.889,5.147,2.598,0.12,0.211
cell_0279,9.392,0.315,0.237,9.572,6.703,0.252,0.145,2.11,0.114,0.067,0.104,0.174,0.186,1.023,0.809,2.002,4.803,3.416,0.137,0.261
cell_0280,8.027,0.391,0.19,10.052,6.868,0.178,0.15,1.374,0.2,0.036,0.145,0.116,0.174,0.976,0.843,1.383,4.606,3.345,0.193,0.208
cell_0281,8.573,0.235,0.258,9.142,9.659,0.203,0.197,1.615,0.184,0.007,0.082,0.113,0.218,0.992,0.715,2.074,4.633,2.987,0.205,0.121
cell_0282,8.202,0.317,0.207,8.375,8.792,0.285,0.213,2.24,0.196,0.1,0.166,0.021,0.21,1.123,0.926,1.686,4.376,3.282,0.178,0.203
cell_0283,8.819,0.307,0.284,9.929,8.611,0.199,0.212,2.033,0.2,0.123,0.063,0.094,0.184,1.421,0.987,1.611,4.865,3.614,0.219,0.11
cell_0284,8.263,0.322,0.206,7.412,7.281,0.186,0.162,1.701,0.2,0.101,0.154,0.067,0.197,1.248,0.985,1.833,5.318,3.226,0.296,0.202
cell_0285,9.721,0.188,0.278,9.255,8.387,0.289,0.249,1.207,0.179,0.14,0.131,0.161,0.258,1.004,1.036,1.704,6.46,3.113,0.214,0.19
cell_0286,9.227,0.263,0.167,11.928,8.516,0.281,0.15,1.437,0.217,0.063,0.168,0.027,0.097,1.093,0.911,1.936,4.999,3.418,0.202,0.195
cell_0287,8.653,0.257,0.218,9.401,8.25,0.185,0.271,1.917,0.151,0.073,0.07,0.084,0.16,1.319,0.861,1.495,5.623,3.384,0.207,0.159
cell_0288,10.386,0.35,0.167,8.876,9.56,0.23,0.204,1.759,0.133,0.131,0.066,0.212,0.264,0.919,0.69,1.732,5.056,3.622,0.221,0.245
cell_0289,9.793,0.356,0.153,9.826,7.34,0.226,0.217,2.563,0.2,0.127,0.087,0.073,0.229,1.193,0.907,1.874,4.915,2.472,0.26,0.218
cell_0290,9.178,0.287,0.205,9.002,10.572,0.291,0.188,1.684,0.162,0.208,0.074,0.141,0.19,1.089,0.748,1.206,5.278,3.804,0.266,0.231
cell_0291,9.396,0.284,0.173,8.936,8.23,0.237,0.15,1.674,0.232,0.034,0.15,0.067,0.16,0.887,0.845,1.883,5.561,3.534,0.181,0.221
cell_0292,6.194,0.434,0.183,8.428,8.946,0.26,0.215,2.058,0.256,0.142,0.101,0.157,0.156,1.068,0.912,1.932,5.168,3.771,0.223,0.301
cell_0293,8.396,0.307,0.183,8.81,7.228,0.213,0.216,2.299,0.152,0.108,0.117,0.07,0.17,1.022,0.944,1.847,4.788,2.489,0.186,0.267
cell_0294,8.804,0.378,0.102,8.306,10.477,0.151,0.142,2.023,0.201,0.025,0.191,0.043,0.255,1.209,0.944,1.523,5.151,3.007,0.17,0.164
cell_0295,9.427,0.242,0.178,9.981,8.633,0.166,0.127,1.696,0.263,0.16,0.14,0.069,0.231,1.089,0.936,1.734,5.097,3.47,0.161,0.172
cell_0296,9.083,0.199,0.215,10.697,8.666,0.191,0.186,2.119,0.249,0.019,0.048,0.15,0.22,1.052,0.925,1.901,5.276,2.609,0.238,0.26
cell_0297,9.075,0.258,0.232,10.192,9.144,0.218,0.172,2.179,0.25,0.114,0.042,0.13,0.196,0.88,0.887,1.872,6.022,3.714,0.088,0.17
cell_0298,8.216,0.303,0.23,7.264,8.22,0.122,0.207,1.61,0.275,0.058,0.128,0.108,0.184,0.965,0.882,1.862,4.433,3.093,0.224,0.215
cell_0299,7.722,0.314,0.157,9.353,10.218,0.214,0.154,2.157,0.211,0.12,0.139,0.117,0.165,1.039,0.932,2.059,4.973,3.369,0.252,0.214
cell_0300,7.741,0.249,0.184,10.26,8.654,0.163,0.263,2.505,0.137,0.136,0.136,0.021,0.194,1.093,0.964,1.98,5.084,2.926,0.201,0.12
cell_0301,7.148,0.33,0.186,7.67,9.163,0.154,0.208,2.45,0.201,0.102,0.105,0.135,0.266,1.101,0.984,1.68,6.083,2.847,0.104,0.247
cell_0302,9.523,0.225,0.231,6.972,9.158,0.18,0.261,2.281,0.167,0.171,0.077,0.193,0.203,1.184,1.014,1.599,5.119,3.398,0.192,0.259
cell_0303,6.485,0.364,0.235,8.899,8.838,0.276,0.183,1.708,0.222,0.183,0.08,0.048,0.149,1.087,1.062,1.866,4.463,2.887,0.179,0.226
cell_0304,7.914,0.285,0.145,7.667,8.31,0.282,0.179,2.196,0.196,0.106,0.171,0.107,0.166,1.056,0.789,1.723,4.647,3.042,0.28,0.246
cell_0305,7.794,0.306,0.2,7.63,9.418,0.267,0.145,1.887,0.223,0.079,0.11,0.161,0.266,1.192,0.777,1.869,4.862,2.878,0.193,0.229
cell_0306,8.771,0.323,0.168,8.356,9.568,0.213,0.206,2.062,0.21,0.069,0.196,0.116,0.18,1.137,1.114,2.066,4.581,3.949,0.197,0.171
cell_0307,9.56,0.321,0.282,8.756,9.338,0.133,0.208,1.724,0.185,0.052,0.28,0.153,0.141,1.143,0.902,2.047,4.75,3.684,0.2,0.296
cell_0308,7.664,0.234,0.159,9.226,9.574,0.183,0.282,2.246,0.231,0.065,0.152,0.127,0.162,1.008,0.818,1.726,4.968,2.594,0.154,0.145
cell_0309,8.568,0.235,0.095,9.775,8.046,0.264,0.236,1.901,0.142,0.056,0.105,0.174,0.263,1.041,1.1,1.647,4.244,3.506,0.173,0.235
cell_0310,8.579,0.311,0.183,9.257,10.882,0.216,0.201,1.796,0.138,0.15,0.064,0.047,0.303,1.306,0.951,1.221,5.181,2.854,0.11,0.203
cell_0311,8.841,0.32,0.178,9.086,8.995,0.245,0.176,1.739,0.166,0.014,0.078,0.056,0.17,0.967,1.182,2.128,4.404,3.043,0.171,0.146
cell_0312,9.823,0.383,0.185,9.629,6.484,0.202,0.225,1.771,0.24,0.142,0.114,0.082,0.198,1.231,0.959,1.992,5.332,3.101,0.193,0.144
cell_0313,8.068,0.351,0.244,8.356,8.123,0.271,0.222,2.368,0.273,0.143,0.098,0.08,0.157,1.214,0.871,1.72,4.164,3.263,0.215,0.277
cell_0314,9.151,0.223,0.231,9.705,9.14,0.176,0.225,1.993,0.206,0.071,0.089,0.16,0.229,1.208,0.826,2.006,7.02,3.31,0.198,0.205
cell_0315,6.508,0.341,0.233,8.6,9.242,0.245,0.231,1.985,0.278,0.135,0.111,0.123,0.231,1.177,0.931,1.747,6.271,3.335,0.2,0.19
cell_0316,8.818,0.386,0.195,9.367,5.865,0.08,0.186,2.05,0.239,0.114,0.204,0.148,0.255,1.315,1.034,2.026,6.171,2.919,0.187,0.187
cell_0317,7.677,0.314,0.15,9.737,7.812,0.159,0.332,1.81,0.19,0.136,0.08,0.129,0.272,0.91,0.946,1.877,5.014,3.249,0.189,0.2
cell_0318,9.137,0.331,0.225,9.147,10.018,0.219,0.297,1.831,0.26,0.03,0.018,0.202,0.214,1.03,1.126,1.934,4.595,2.885,0.265,0.23
cell_0319,5.506,0.305,0.166,9.16,9.002,0.207,0.272,1.896,0.19,0.148,0.096,0.081,0.153,1.041,1.029,1.751,5.73,2.984,0.13,0.208
cell_0320,8.421,0.297,0.217,9.043,8.329,0.118,0.238,1.841,0.18,0.093,0.073,0.0,0.228,1.039,0.939,2.029,5.828,2.913,0.167,0.281
cell_0321,0.192,0.103,0.06,0.105,0.117,9.603,7.92,9.171,9.131,0.204,0.236,0.27,0.349,1.03,0.816,1.574,5.222,3.584,0.433,0.315
cell_0322,0.254,0.077,0.132,0.085,0.107,10.442,9.97,9.208,8.519,0.218,0.364,0.21,0.278,1.106,0.645,1.386,5.668,2.942,0.41,0.347
cell_0323,0.164,0.016,0.129,0.085,0.083,7.258,9.274,8.431,7.356,0.165,0.373,0.134,0.317,1.013,0.728,1.309,5.01,2.976,0.443,0.289
cell_0324,0.169,0.155,0.103,0.189,0.063,9.094,10.38,8.861,9.028,0.143,0.28,0.134,0.284,0.93,0.68,1.636,4.287,3.776,0.454,0.283
cell_0325,0.281,0.019,0.067,0.054,0.125,8.261,8.671,7.997,7.881,0.152,0.28,0.186,0.276,1.039,0.782,1.668,5.679,3.473,0.433,0.298
cell_0326,0.174,0.174,0.077,0.104,0.03,10.421,7.758,9.896,6.654,0.21,0.316,0.181,0.345,0.926,0.924,1.228,5.813,3.083,0.421,0.404
cell_0327,0.204,0.135,0.03,0.099,0.101,8.442,7.55,8.278,7.596,0.276,0.294,0.196,0.373,0.997,0.83,1.214,6.221,2.344,0.485,0.224
cell_0328,0.298,0.161,0.078,0.141,0.117,8.747,9.92,8.525,8.225,0.198,0.302,0.173,0.247,0.988,0.843,1.74,4.102,3.162,0.419,0.218
cell_0329,0.268,0.129,0.099,0.126,0.103,9.022,8.912,10.455,8.214,0.167,0.406,0.19,0.269,0.96,0.761,1.469,5.851,3.679,0.584,0.285
cell_0330,0.193,0.088,0.134,0.09,0.119,7.709,9.207,8.395,8.719,0.188,0.265,0.255,0.276,1.091,0.761,1.378,5.156,3.18,0.445,0.267
cell_0331,0.188,0.114,0.043,0.053,0.104,10.499,9.364,8.997,5.614,0.113,0.302,0.293,0.387,0.93,0.621,1.479,4.737,2.885,0.432,0.164
cell_0332,0.223,0.093,0.092,0.062,0.113,10.181,9.175,9.015,9.244,0.144,0.308,0.208,0.291,0.849,0.973,1.54,6.224,3.581,0.555,0.323
cell_0333,0.081,0.118,0.155,0.022,0.133,10.404,9.031,9.554,8.695,0.15,0.293,0.217,0.341,1.14,0.657,1.474,6.52,2.936,0.51,0.361
cell_0334,0.19,0.128,0.105,0.09,0.074,10.639,9.763,9.175,6.638,0.246,0.322,0.178,0.348,0.85,0.837,1.114,4.601,3.673,0.561,0.367
cell_0335,0.235,0.107,0.124,0.097,0.068,8.214,7.787,9.023,6.428,0.251,0.357,0.194,0.27,1.14,0.716,1.527,4.382,3.133,0.548,0.313
cell_0336,0.17,0.08,0.156,0.122,0.082,8.948,7.883,9.978,7.609,0.23,0.333,0.119,0.327,1.102,0.826,1.334,4.996,3.301,0.507,0.325
cell_0337,0.167,0.158,0.062,0.07,0.075,9.251,7.701,10.235,8.481,0.256,0.331,0.13,0.297,0.919,0.889,1.606,6.085,2.908,0.514,0.237
cell_0338,0.203,0.015,0.108,0.166,0.103,9.657,8.85,6.51,8.045,0.292,0.426,0.138,0.26,1.078,0.784,1.589,5.849,2.997,0.474,0.292
cell_0339,0.193,0.097,0.078,0.162,0.044,10.204,9.745,7.412,8.777,0.194,0.247,0.257,0.245,0.968,0.829,1.325,5.673,3.738,0.551,0.276
cell_0340,0.183,0.074,0.041,0.196,0.149,8.188,7.879,8.868,7.489,0.14,0.307,0.18,0.283,0.994,0.722,1.359,5.835,3.827,0.413,0.269
cell_0341,0.267,0.0,0.215,0.079,0.13,9.661,8.439,7.959,7.419,0.115,0.277,0.178,0.349,1.024,0.856,1.622,4.736,3.317,0.433,0.233
cell_0342,0.16,0.109,0.036,0.158,0.103,8.264,8.694,6.751,6.819,0.242,0.28,0.232,0.32,1.07,0.861,1.589,6.588,3.218,0.456,0.289
cell_0343,0.15,0.172,0.061,0.003,0.099,9.148,7.507,7.693,8.197,0.172,0.278,0.225,0.256,0.899,0.747,1.526,5.506,3.164,0.504,0.358
cell_0344,0.227,0.0,0.13,0.146,0.127,9.408,11.422,8.04,8.14,0.261,0.319,0.039,0.325,1.026,0.847,1.551,6.143,2.888,0.463,0.274
cell_0345,0.247,0.092,0.169,0.096,0.078,7.643,11.637,9.345,7.387,0.176,0.248,0.134,0.282,1.093,0.716,1.05,5.879,3.115,0.517,0.368
cell_0346,0.22,0.093,0.138,0.103,0.087,8.977,10.695,9.22,6.267,0.169,0.241,0.117,0.35,0.973,0.7,1.266,6.269,3.576,0.403,0.332
cell_0347,0.235,0.106,0.097,0.136,0.0,9.578,7.237,7.988,9.178,0.248,0.351,0.259,0.332,1.129,0.813,1.311,4.93,3.473,0.536,0.274
cell_0348,0.161,0.119,0.128,0.036,0.197,8.207,7.663,7.549,7.402,0.163,0.286,0.161,0.371,0.733,0.771,1.644,5.165,3.069,0.52,0.229
cell_0349,0.291,0.1,0.063,0.197,0.04,10.229,7.579,9.64,6.018,0.201,0.296,0.2,0.244,1.035,0.692,1.56,5.411,3.329,0.486,0.362
cell_0350,0.216,0.072,0.096,0.074,0.059,8.643,7.915,7.01,8.619,0.23,0.318,0.143,0.317,1.042,0.717,1.445,5.488,2.766,0.51,0.249
cell_0351,0.157,0.0,0.128,0.072,0.043,10.969,7.217,9.357,7.202,0.225,0.348,0.152,0.341,1.135,0.814,1.549,4.957,3.723,0.53,0.274
cell_0352,0.248,0.174,0.101,0.086,0.098,9.16,8.948,8.244,9.151,0.183,0.269,0.208,0.353,0.917,0.841,1.501,5.606,3.781,0.449,0.273
cell_0353,0.184,0.081,0.138,0.08,0.028,7.763,9.467,8.121,8.988,0.174,0.378,0.167,0.248,1.051,0.727,1.702,7.154,3.354,0.381,0.287
cell_0354,0.201,0.077,0.109,0.127,0.2,10.285,9.25,8.125,6.244,0.157,0.353,0.246,0.301,1.141,0.818,1.765,4.37,2.866,0.509,0.26
cell_0355,0.261,0.089,0.099,0.036,0.052,8.54,9.871,7.814,8.383,0.223,0.288,0.235,0.287,1.02,0.851,1.693,5.018,2.978,0.45,0.251
cell_0356,0.087,0.054,0.124,0.0,0.156,10.783,10.553,8.476,7.127,0.255,0.317,0.174,0.306,1.002,0.784,1.675,6.165,3.186,0.646,0.324
cell_0357,0.202,0.12,0.196,0.0,0.141,10.772,8.885,8.762,6.576,0.211,0.313,0.215,0.221,0.945,0.787,1.541,4.767,3.221,0.521,0.272
cell_0358,0.22,0.171,0.087,0.025,0.189,9.895,8.143,8.575,8.035,0.238,0.353,0.241,0.322,0.932,0.789,1.451,5.25,2.939,0.438,0.212
cell_0359,0.117,0.055,0.094,0.128,0.0,9.038,7.51,7.268,7.329,0.213,0.26,0.2,0.355,0.971,0.844,1.418,4.703,3.872,0.572,0.383
cell_0360,0.291,0.069,0.0,0.086,0.107,10.688,9.563,9.247,7.616,0.175,0.275,0.211,0.264,1.104,0.951,1.251,5.044,3.647,0.503,0.272
cell_0361,0.306,0.089,0.156,0.079,0.083,8.491,10.657,8.203,6.604,0.166,0.289,0.189,0.352,0.89,0.702,1.266,4.414,3.371,0.587,0.308
cell_0362,0.129,0.093,0.118,0.113,0.123,10.457,8.22,7.203,7.291,0.19,0.368,0.206,0.32,0.84,0.769,1.45,5.269,3.282,0.553,0.357
cell_0363,0.15,0.067,0.03,0.149,0.039,8.7,8.485,8.668,7.481,0.148,0.272,0.151,0.345,1.0,0.827,1.288,6.028,3.388,0.491,0.35
cell_0364,0.186,0.068,0.145,0.077,0.146,8.555,9.864,5.885,8.334,0.136,0.271,0.12,0.306,1.152,0.805,1.738,4.865,2.531,0.444,0.343
cell_0365,0.147,0.174,0.127,0.018,0.035,8.745,8.736,8.244,8.855,0.229,0.246,0.17,0.213,1.13,0.794,1.262,4.594,2.805,0.413,0.293
cell_0366,0.225,0.017,0.036,0.103,0.126,9.676,7.469,7.923,7.841,0.243,0.346,0.235,0.302,1.016,1.013,1.562,5.248,4.353,0.481,0.301
cell_0367,0.132,0.099,0.092,0.029,0.106,8.185,11.277,9.176,7.927,0.232,0.211,0.203,0.374,0.947,0.867,1.402,4.326,3.893,0.515,0.317
cell_0368,0.22,0.116,0.036,0.053,0.118,9.522,8.762,9.445,9.069,0.257,0.333,0.177,0.31,0.944,0.869,1.37,4.491,3.18,0.595,0.265
cell_0369,0.14,0.046,0.146,0.041,0.178,10.377,10.923,10.61,8.894,0.24,0.252,0.206,0.227,0.909,0.874,1.6,6.264,3.927,0.453,0.301
cell_0370,0.22,0.105,0.071,0.164,0.21,7.814,8.386,8.843,7.157,0.266,0.339,0.163,0.327,0.893,0.786,1.34,5.296,2.959,0.462,0.279
cell_0371,0.242,0.027,0.142,0.119,0.078,9.029,11.56,8.035,7.792,0.205,0.258,0.142,0.314,0.704,0.77,1.406,5.46,3.587,0.559,0.363
cell_0372,0.23,0.063,0.127,0.103,0.08,9.077,9.91,8.923,8.503,0.2,0.257,0.213,0.237,1.122,0.701,1.375,5.148,3.563,0.427,0.297
cell_0373,0.217,0.16,0.081,0.067,0.084,9.918,10.517,8.879,7.888,0.183,0.289,0.162,0.287,0.782,0.837,1.325,5.494,3.723,0.459,0.243
cell_0374,0.256,0.103,0.17,0.069,0.108,9.548,9.587,8.937,8.013,0.239,0.351,0.168,0.259,1.134,0.79,1.357,5.448,3.164,0.481,0.342
cell_0375,0.217,0.098,0.126,0.088,0.145,11.392,5.209,7.437,8.305,0.229,0.245,0.181,0.3,0.991,0.766,1.453,4.588,2.727,0.487,0.3
cell_0376,0.177,0.075,0.102,0.104,0.057,8.029,6.903,9.455,8.284,0.147,0.368,0.231,0.301,1.126,0.868,1.681,6.271,2.861,0.421,0.306
cell_0377,0.18,0.068,0.145,0.122,0.204,9.895,7.623,10.17,9.076,0.233,0.339,0.188,0.27,1.068,0.738,1.393,5.55,3.426,0.463,0.273
cell_0378,0.312,0.05,0.133,0.124,0.066,10.196,8.061,7.022,7.438,0.202,0.241,0.156,0.338,0.949,0.686,1.335,5.342,3.412,0.48,0.351
cell_0379,0.235,0.121,0.046,0.129,0.089,9.482,8.147,10.384,8.87,0.231,0.312,0.164,0.303,0.948,0.699,1.664,5.542,3.573,0.592,0.319
cell_0380,0.133,0.186,0.098,0.114,0.1,7.557,8.344,8.478,8.178,0.187,0.316,0.214,0.295,1.013,0.935,1.484,5.606,3.382,0.564,0.347
cell_0381,0.281,0.096,0.069,0.171,0.104,9.328,10.279,9.211,7.658,0.157,0.289,0.23,0.328,1.087,0.903,1.294,6.207,2.981,0.555,0.257
cell_0382,0.209,0.074,0.155,0.033,0.156,8.209,9.173,8.665,7.221,0.131,0.233,0.271,0.279,1.028,0.789,1.296,5.932,3.355,0.524,0.31
cell_0383,0.181,0.073,0.188,0.083,0.132,10.037,10.387,8.602,9.649,0.195,0.418,0.219,0.311,1.008,0.929,1.356,6.582,2.848,0.585,0.283
cell_0384,0.233,0.253,0.212,0.072,0.107,8.961,8.833,8.69,7.259,0.175,0.302,0.178,0.39,1.126,0.888,1.711,5.434,3.149,0.492,0.377
cell_0385,0.204,0.118,0.145,0.118,0.187,9.025,10.68,8.417,7.968,0.156,0.33,0.249,0.181,0.84,0.85,1.604,5.482,3.068,0.542,0.351
cell_0386,0.242,0.115,0.201,0.145,0.096,8.918,7.521,8.022,7.892,0.258,0.285,0.157,0.246,0.895,0.674,1.464,4.271,3.578,0.466,0.312
cell_0387,0.239,0.026,0.048,0.068,0.147,8.344,9.284,8.31,8.306,0.205,0.36,0.196,0.305,1.099,0.732,1.662,5.949,2.723,0.468,0.383
cell_0388,0.188,0.023,0.162,0.088,0.065,9.182,8.712,7.779,7.612,0.215,0.332,0.197,0.38,1.027,0.689,1.506,4.901,3.359,0.499,0.279
cell_0389,0.199,0.114,0.015,0.054,0.126,8.874,10.453,8.588,9.345,0.2,0.344,0.163,0.274,0.943,0.789,1.619,5.144,2.921,0.415,0.28
cell_0390,0.163,0.063,0.018,0.155,0.138,8.184,9.206,8.006,7.396,0.201,0.238,0.186,0.265,1.032,0.621,1.33,6.037,2.933,0.529,0.198
cell_0391,0.278,0.128,0.0,0.092,0.208,11.5,9.219,7.865,5.641,0.211,0.344,0.151,0.362,1.099,0.678,1.5,4.857,3.075,0.474,0.347
cell_0392,0.217,0.048,0.097,0.12,0.144,12.32,9.576,6.304,4.941,0.302,0.237,0.123,0.296,0.758,0.982,1.406,5.127,3.059,0.558,0.396
cell_0393,0.161,0.134,0.097,0.069,0.062,8.74,9.233,7.715,8.006,0.242,0.26,0.18,0.304,0.968,0.557,1.568,5.3,3.049,0.497,0.345
cell_0394,0.176,0.076,0.185,0.123,0.04,9.946,9.516,7.806,6.57,0.208,0.295,0.302,0.315,1.074,0.753,1.339,4.611,3.864,0.439,0.335
cell_0395,0.093,0.091,0.142,0.117,0.056,8.935,9.285,7.403,7.75,0.189,0.333,0.27,0.294,0.85,0.927,1.196,5.062,3.179,0.476,0.162
cell_0396,0.229,0.063,0.072,0.084,0.113,9.907,8.359,8.543,7.49,0.216,0.347,0.11,0.325,0.888,0.728,1.578,4.725,3.379,0.549,0.302
cell_0397,0.193,0.175,0.146,0.19,0.071,8.075,8.097,9.152,7.043,0.241,0.268,0.19,0.278,1.126,0.847,1.944,5.783,4.085,0.535,0.287
cell_0398,0.15,0.067,0.062,0.068,0.132,9.342,10.115,8.863,8.138,0.136,0.391,0.184,0.227,0.84,0.963,1.447,5.463,3.407,0.552,0.296
cell_0399,0.195,0.043,0.102,0.064,0.099,8.115,9.472,7.517,6.804,0.189,0.279,0.239,0.226,0.987,0.768,1.597,6.075,3.266,0.499,0.32
cell_0400,0.131,0.06,0.093,0.087,0.157,10.691,7.731,9.414,6.787,0.224,0.297,0.248,0.309,0.894,0.845,1.274,4.854,2.876,0.575,0.337
cell_0401,0.193,0.133,0.122,0.03,0.077,10.758,8.2,9.047,8.65,0.211,0.234,0.171,0.324,0.881,0.764,1.55,5.334,3.246,0.437,0.257
cell_0402,0.183,0.015,0.162,0.106,0.17,11.375,8.344,7.807,7.782,0.18,0.322,0.208,0.293,0.901,0.689,1.422,5.48,3.522,0.526,0.37
cell_0403,0.215,0.042,0.127,0.132,0.219,7.809,9.881,6.733,7.806,0.263,0.308,0.098,0.276,0.99,0.801,1.443,6.124,3.81,0.606,0.242
cell_0404,0.178,0.096,0.159,0.041,0.156,6.923,10.623,8.492,6.192,0.271,0.274,0.163,0.331,0.917,0.855,1.649,5.233,3.045,0.542,0.335
cell_0405,0.229,0.095,0.194,0.152,0.081,8.334,8.069,8.318,8.656,0.221,0.333,0.295,0.355,1.01,0.708,1.214,5.593,3.142,0.42,0.32
cell_0406,0.201,0.17,0.035,0.102,0.0,8.023,7.881,9.36,6.69,0.293,0.206,0.146,0.288,1.081,0.913,1.293,4.797,3.689,0.525,0.309
cell_0407,0.082,0.066,0.159,0.099,0.107,8.631,9.419,8.395,7.135,0.202,0.293,0.218,0.31,1.024,0.685,1.634,5.556,3.637,0.485,0.312
cell_0408,0.104,0.09,0.068,0.051,0.163,9.97,7.722,8.689,7.72,0.18,0.32,0.222,0.361,0.978,0.811,1.711,6.675,3.58,0.4,0.422
cell_0409,0.192,0.128,0.155,0.117,0.032,9.362,8.82,9.62,8.651,0.187,0.285,0.241,0.302,1.157,0.548,1.341,5.174,3.169,0.54,0.279
cell_0410,0.265,0.102,0.042,0.128,0.004,8.223,9.905,9.906,7.675,0.222,0.306,0.222,0.337,1.196,0.689,1.728,6.119,4.075,0.509,0.302
cell_0411,0.123,0.05,0.036,0.05,0.092,9.999,10.007,8.689,4.844,0.245,0.283,0.189,0.336,0.977,0.686,1.974,5.975,2.989,0.537,0.297
cell_0412,0.2,0.076,0.09,0.045,0.074,7.224,9.639,9.924,6.441,0.21,0.2,0.158,0.272,0.936,0.768,1.652,5.98,3.633,0.592,0.301
cell_0413,0.174,0.094,0.084,0.094,0.17,8.292,9.257,8.561,6.852,0.195,0.268,0.19,0.464,0.763,0.82,1.583,5.139,3.524,0.589,0.333
cell_0414,0.171,0.128,0.136,0.08,0.115,9.825,8.937,7.13,8.219,0.279,0.41,0.175,0.302,1.061,0.728,1.298,6.286,2.886,0.57,0.212
cell_0415,0.23,0.0,0.052,0.074,0.056,8.131,8.81,8.932,8.989,0.173,0.289,0.174,0.229,1.188,0.875,1.571,4.489,3.112,0.519,0.273
cell_0416,0.242,0.133,0.026,0.0,0.098,9.815,8.459,10.49,6.801,0.204,0.387,0.248,0.305,0.863,0.646,1.342,5.458,3.469,0.488,0.305
cell_0417,0.19,0.135,0.164,0.085,0.086,7.873,7.491,8.436,8.226,0.248,0.376,0.062,0.321,1.065,0.805,1.168,4.999,3.773,0.516,0.261
cell_0418,0.282,0.065,0.115,0.074,0.055,10.808,7.446,7.874,7.581,0.234,0.27,0.174,0.356,1.204,0.814,1.725,4.916,3.214,0.54,0.254
cell_0419,0.224,0.126,0.061,0.114,0.138,9.485,7.702,8.468,7.371,0.234,0.315,0.275,0.297,0.949,0.815,1.591,5.053,3.129,0.44,0.338
cell_0420,0.217,0.02,0.085,0.15,0.146,8.69,7.202,9.713,5.95,0.198,0.255,0.251,0.35,0.878,0.884,1.475,6.153,3.089,0.425,0.372
cell_0421,0.182,0.085,0.115,0.077,0.13,10.022,8.711,10.086,9.847,0.089,0.343,0.167,0.22,0.96,0.874,1.383,4.247,3.832,0.493,0.316
cell_0422,0.2,0.04,0.066,0.11,0.102,9.81,9.38,6.475,7.622,0.271,0.279,0.105,0.334,1.356,0.872,1.546,6.002,3.06,0.583,0.342
cell_0423,0.189,0.172,0.085,0.036,0.135,9.743,10.299,7.717,5.981,0.275,0.252,0.311,0.291,0.96,0.845,1.341,5.537,2.831,0.359,0.232
cell_0424,0.24,0.0,0.081,0.117,0.136,9.202,8.303,9.706,6.35,0.161,0.253,0.239,0.333,1.136,0.753,1.484,4.829,3.545,0.492,0.352
cell_0425,0.262,0.091,0.147,0.08,0.071,9.216,9.038,7.292,7.167,0.171,0.411,0.214,0.378,1.097,0.669,1.169,5.313,3.114,0.559,0.412
cell_0426,0.203,0.067,0.175,0.139,0.12,9.508,9.645,8.408,8.918,0.188,0.155,0.254,0.263,0.931,0.912,1.526,6.842,3.245,0.467,0.328
cell_0427,0.193,0.153,0.036,0.152,0.091,7.937,9.442,9.014,8.296,0.289,0.279,0.214,0.36,0.919,0.719,1.611,5.829,3.629,0.541,0.265
cell_0428,0.166,0.186,0.107,0.05,0.215,9.099,9.068,7.754,8.95,0.239,0.268,0.131,0.358,0.946,0.87,1.489,4.82,3.167,0.467,0.329
cell_0429,0.174,0.085,0.067,0.155,0.095,8.813,10.711,9.28,7.142,0.1,0.317,0.207,0.352,1.025,0.827,1.349,5.376,3.301,0.456,0.221
cell_0430,0.148,0.192,0.079,0.091,0.057,10.756,9.478,5.65,7.47,0.142,0.295,0.212,0.28,0.772,0.904,1.517,5.579,2.644,0.582,0.334
cell_0431,0.173,0.101,0.052,0.054,0.016,9.414,7.236,6.897,9.381,0.306,0.322,0.211,0.251,0.967,0.728,1.581,5.734,3.862,0.443,0.261
cell_0432,0.279,0.157,0.114,0.06,0.079,11.176,8.676,7.257,5.614,0.212,0.323,0.186,0.343,0.747,0.953,1.618,5.466,3.32,0.576,0.276
cell_0433,0.145,0.109,0.176,0.106,0.086,7.577,9.67,8.371,6.342,0.126,0.298,0.163,0.363,0.975,0.665,1.695,5.602,3.395,0.54,0.276
cell_0434,0.123,0.115,0.039,0.118,0.131,9.147,8.202,9.206,7.454,0.208,0.346,0.094,0.27,0.991,0.669,1.47,4.993,3.3,0.512,0.278
cell_0435,0.201,0.049,0.171,0.17,0.062,9.854,9.786,9.873,6.76,0.236,0.273,0.158,0.235,1.136,0.88,1.146,5.08,4.055,0.478,0.381
cell_0436,0.205,0.064,0.17,0.115,0.067,8.016,11.47,6.146,9.308,0.093,0.279,0.168,0.396,0.933,0.799,1.448,5.625,2.988,0.551,0.28
cell_0437,0.25,0.038,0.116,0.131,0.145,8.362,9.681,7.738,8.096,0.172,0.281,0.184,0.374,0.926,0.892,1.371,5.768,2.89,0.617,0.286
cell_0438,0.209,0.0,0.085,0.023,0.131,8.555,8.041,6.425,6.921,0.087,0.26,0.118,0.342,1.143,1.045,1.394,5.308,3.288,0.461,0.262
cell_0439,0.151,0.194,0.079,0.094,0.043,9.026,10.054,8.151,7.884,0.236,0.259,0.258,0.339,0.911,0.647,1.394,6.61,3.178,0.451,0.309
cell_0440,0.267,0.164,0.06,0.132,0.135,6.951,9.612,6.307,7.168,0.264,0.354,0.192,0.303,1.065,0.946,1.559,5.01,3.004,0.496,0.309
cell_0441,0.174,0.072,0.083,0.127,0.094,8.61,9.249,8.575,8.08,0.196,0.316,0.277,0.262,1.045,0.855,1.243,4.557,2.659,0.549,0.259
cell_0442,0.198,0.129,0.206,0.137,0.116,8.504,7.942,8.709,8.711,0.225,0.31,0.205,0.277,0.991,0.686,1.619,5.548,3.341,0.5,0.309
cell_0443,0.206,0.019,0.167,0.182,0.074,9.438,9.878,9.935,8.225,0.193,0.42,0.285,0.311,0.722,0.886,1.712,5.038,4.254,0.56,0.213
cell_0444,0.103,0.045,0.123,0.054,0.114,8.329,10.21,9.101,10.012,0.231,0.412,0.327,0.263,0.898,0.812,1.32,4.205,3.491,0.491,0.32
cell_0445,0.226,0.024,0.058,0.096,0.075,7.961,7.446,9.371,8.556,0.242,0.314,0.15,0.233,1.021,0.837,1.73,5.584,3.481,0.65,0.284
cell_0446,0.181,0.132,0.122,0.139,0.15,10.5,10.009,6.563,6.103,0.164,0.303,0.204,0.326,1.079,0.842,1.542,6.216,2.589,0.524,0.303
cell_0447,0.223,0.078,0.086,0.072,0.096,9.417,9.395,7.842,8.51,0.275,0.358,0.234,0.287,1.072,0.712,1.372,4.336,3.073,0.525,0.268
cell_0448,0.112,0.128,0.068,0.163,0.096,10.471,6.642,8.382,8.152,0.188,0.217,0.195,0.312,0.949,0.832,1.324,5.852,2.84,0.512,0.437
cell_0449,0.187,0.086,0.094,0.038,0.112,8.381,11.687,9.435,7.659,0.112,0.343,0.201,0.303,0.883,0.791,1.433,5.846,3.441,0.518,0.356
cell_0450,0.144,0.084,0.13,0.0,0.155,8.365,8.086,8.591,7.18,0.118,0.238,0.177,0.411,0.77,0.685,1.335,4.309,3.91,0.519,0.32
cell_0451,0.186,0.129,0.0,0.103,0.031,10.511,6.826,9.857,7.674,0.165,0.286,0.175,0.263,1.181,0.715,1.148,4.473,3.212,0.383,0.357
cell_0452,0.241,0.15,0.078,0.119,0.131,9.955,8.771,7.497,8.081,0.202,0.286,0.169,0.283,0.926,0.766,1.379,5.311,3.437,0.541,0.29
cell_0453,0.288,0.083,0.15,0.078,0.132,8.219,8.259,8.463,9.094,0.327,0.328,0.212,0.278,1.052,0.713,1.521,6.995,3.137,0.391,0.291
cell_0454,0.137,0.087,0.131,0.063,0.077,8.601,7.227,7.507,7.36,0.173,0.299,0.234,0.182,0.976,0.766,1.495,5.074,3.388,0.505,0.288
cell_0455,0.212,0.113,0.117,0.101,0.1,8.378,8.122,8.489,7.489,0.187,0.318,0.228,0.233,0.903,0.692,1.204,4.225,3.387,0.456,0.34
cell_0456,0.24,0.166,0.106,0.062,0.117,8.957,10.662,8.319,6.908,0.172,0.303,0.257,0.314,1.123,0.819,1.534,3.439,3.569,0.564,0.263
cell_0457,0.152,0.21,0.016,0.208,0.091,11.042,6.886,9.413,7.884,0.172,0.373,0.246,0.293,0.995,0.77,1.576,5.364,3.344,0.55,0.282
cell_0458,0.147,0.124,0.109,0.042,0.12,10.422,10.241,8.533,8.067,0.206,0.193,0.202,0.256,0.94,0.796,1.515,4.874,2.913,0.564,0.33
cell_0459,0.208,0.056,0.104,0.08,0.037,9.846,8.707,6.926,8.896,0.175,0.311,0.186,0.236,0.92,0.717,1.262,6.65,3.019,0.598,0.271
cell_0460,0.219,0.155,0.093,0.169,0.109,10.569,8.04,8.364,7.233,0.145,0.273,0.181,0.234,0.827,0.835,1.532,4.921,3.294,0.474,0.228
cell_0461,0.185,0.094,0.102,0.043,0.173,9.661,9.627,9.983,5.562,0.147,0.27,0.149,0.349,1.204,0.869,1.498,5.975,3.385,0.514,0.301
cell_0462,0.232,0.162,0.023,0.099,0.018,10.462,10.196,8.855,6.498,0.214,0.232,0.149,0.258,1.023,0.872,1.529,5.91,3.106,0.408,0.341
cell_0463,0.148,0.101,0.142,0.097,0.13,8.777,9.156,9.246,8.213,0.151,0.423,0.231,0.315,0.749,0.837,1.679,6.08,3.14,0.54,0.27
cell_0464,0.228,0.055,0.044,0.088,0.052,9.873,8.764,8.669,8.889,0.21,0.348,0.24,0.28,0.895,0.848,1.477,5.308,3.158,0.61,0.268
cell_0465,0.231,0.101,0.118,0.074,0.072,9.387,9.497,7.792,7.14,0.197,0.311,0.102,0.201,0.838,0.731,1.66,4.425,3.083,0.446,0.319
cell_0466,0.246,0.074,0.176,0.105,0.115,11.417,9.379,10.653,8.702,0.121,0.324,0.159,0.272,1.052,0.953,1.407,3.923,3.37,0.442,0.412
cell_0467,0.174,0.0,0.044,0.089,0.052,8.817,9.835,7.961,8.28,0.18,0.289,0.248,0.294,1.154,0.861,1.213,6.357,3.434,0.418,0.137
cell_0468,0.165,0.038,0.135,0.06,0.123,9.584,9.948,8.076,7.341,0.184,0.284,0.113,0.256,0.865,0.962,1.58,5.148,3.508,0.531,0.279
cell_0469,0.29,0.12,0.173,0.053,0.048,8.835,6.79,8.895,9.254,0.112,0.288,0.209,0.25,0.909,0.845,1.591,6.311,3.2,0.446,0.338
cell_0470,0.155,0.08,0.066,0.16,0.117,8.249,9.672,9.004,7.492,0.226,0.258,0.205,0.325,1.195,0.796,1.541,5.379,3.077,0.568,0.279
cell_0471,0.149,0.15,0.105,0.091,0.09,9.368,9.208,7.784,8.275,0.168,0.319,0.166,0.411,1.044,0.94,1.557,5.35,3.62,0.484,0.266
cell_0472,0.242,0.13,0.105,0.041,0.1,9.862,9.329,7.298,8.236,0.246,0.289,0.294,0.274,1.014,0.786,1.646,6.001,3.228,0.401,0.333
cell_0473,0.179,0.111,0.191,0.079,0.231,11.658,9.837,8.255,7.651,0.168,0.3,0.325,0.32,0.999,0.928,1.434,5.487,3.019,0.471,0.327
cell_0474,0.27,0.101,0.125,0.182,0.101,8.573,9.094,8.564,7.803,0.083,0.307,0.101,0.316,1.151,0.797,1.411,6.854,3.28,0.471,0.27
cell_0475,0.166,0.034,0.074,0.091,0.182,10.289,10.83,8.386,6.807,0.211,0.254,0.156,0.289,0.879,0.701,1.444,5.052,3.605,0.412,0.274
cell_0476,0.229,0.103,0.065,0.133,0.023,9.698,9.068,7.961,7.97,0.191,0.222,0.111,0.381,0.872,0.727,1.226,5.58,3.734,0.519,0.262
cell_0477,0.181,0.105,0.005,0.044,0.064,8.95,9.31,8.04,8.875,0.159,0.312,0.226,0.299,0.841,0.795,1.643,6.101,3.113,0.64,0.349
cell_0478,0.201,0.111,0.151,0.098,0.119,9.439,7.557,9.433,6.676,0.204,0.279,0.107,0.354,0.976,0.68,1.631,5.36,3.322,0.484,0.281
cell_0479,0.23,0.169,0.131,0.11,0.16,9.991,7.802,8.647,8.133,0.194,0.338,0.118,0.265,0.939,0.914,1.116,4.951,3.119,0.385,0.316
cell_0480,0.163,0.143,0.083,0.113,0.08,8.78,6.688,9.365,7.929,0.235,0.279,0.287,0.209,0.91,0.827,0.879,5.469,2.92,0.562,0.321
cell_0481,0.265,0.054,0.057,0.145,0.088,0.343,0.17,1.174,0.281,9.189,8.383,5.973,6.274,1.61,1.056,2.41,5.387,2.993,0.227,0.128
cell_0482,0.405,0.199,0.146,0.05,0.114,0.275,0.176,1.495,0.198,8.649,7.92,8.699,8.412,1.435,1.07,2.066,4.907,2.892,0.223,0.318
cell_0483,0.359,0.11,0.171,0.105,0.22,0.377,0.155,1.602,0.131,6.542,7.305,8.93,7.189,1.37,0.961,2.411,4.998,4.045,0.178,0.208
cell_0484,0.342,0.083,0.182,0.174,0.146,0.279,0.186,1.449,0.187,7.621,8.49,8.23,7.992,1.343,1.198,1.777,5.166,3.796,0.237,0.177
cell_0485,0.286,0.107,0.168,0.138,0.077,0.311,0.198,1.409,0.299,8.224,10.109,8.568,6.387,1.162,1.027,2.532,6.368,3.095,0.187,0.204
cell_0486,0.273,0.011,0.078,0.044,0.079,0.278,0.167,1.267,0.232,9.059,7.779,6.837,7.796,1.336,0.815,2.382,4.146,3.242,0.22,0.129
cell_0487,0.222,0.191,0.164,0.104,0.11,0.347,0.212,1.427,0.135,6.685,9.618,8.467,9.36,1.604,1.099,1.95,4.469,3.591,0.203,0.143
cell_0488,0.353,0.147,0.111,0.033,0.063,0.293,0.081,1.399,0.233,6.88,8.087,6.993,7.957,1.453,1.334,2.498,4.386,3.895,0.196,0.25
cell_0489,0.283,0.104,0.0,0.122,0.169,0.259,0.238,1.785,0.268,6.487,8.999,5.936,7.132,1.129,1.191,2.612,5.019,3.618,0.118,0.128
cell_0490,0.256,0.134,0.208,0.081,0.102,0.329,0.106,1.756,0.131,8.65,7.85,9.872,7.943,1.755,1.018,1.83,4.84,3.413,0.233,0.176
cell_0491,0.307,0.064,0.06,0.081,0.127,0.261,0.168,1.449,0.226,7.994,9.379,7.826,8.698,1.44,0.98,2.216,5.371,3.234,0.237,0.088
cell_0492,0.306,0.101,0.12,0.032,0.093,0.273,0.204,1.325,0.244,7.944,9.228,8.567,7.215,1.526,1.216,2.644,5.792,3.146,0.24,0.252
cell_0493,0.246,0.109,0.06,0.04,0.079,0.231,0.199,1.314,0.222,6.902,7.473,6.883,6.611,1.071,0.993,2.18,4.573,3.663,0.196,0.235
cell_0494,0.382,0.223,0.092,0.134,0.125,0.362,0.175,1.483,0.117,9.394,8.849,8.58,9.071,1.514,1.17,1.904,5.92,3.138,0.173,0.241
cell_0495,0.319,0.143,0.097,0.173,0.145,0.263,0.168,1.728,0.248,8.285,8.363,9.145,7.503,1.537,1.182,2.716,4.807,4.241,0.249,0.148
cell_0496,0.306,0.139,0.056,0.095,0.127,0.277,0.211,1.184,0.157,9.454,9.232,9.021,8.509,1.336,0.904,1.973,4.977,2.648,0.121,0.151
cell_0497,0.26,0.151,0.013,0.12,0.055,0.242,0.089,1.768,0.183,8.545,7.949,9.498,9.805,1.634,1.103,2.224,5.311,3.391,0.238,0.275
cell_0498,0.372,0.04,0.096,0.065,0.133,0.275,0.19,1.487,0.098,9.677,9.504,7.505,7.126,1.124,1.322,1.816,5.338,3.196,0.192,0.18
cell_0499,0.243,0.103,0.075,0.118,0.164,0.307,0.107,1.602,0.149,10.54,8.11,7.551,7.372,1.472,1.246,2.625,4.721,2.824,0.129,0.217
cell_0500,0.387,0.115,0.066,0.065,0.093,0.264,0.187,1.535,0.124,10.405,9.647,8.861,8.09,1.106,1.083,1.772,4.242,3.635,0.216,0.223
cell_0501,0.214,0.174,0.122,0.063,0.074,0.342,0.229,1.645,0.141,7.626,9.563,7.615,8.1,1.292,1.104,1.993,5.427,2.66,0.254,0.05
cell_0502,0.28,0.098,0.161,0.099,0.124,0.302,0.155,1.475,0.097,7.96,6.299,8.525,7.598,1.366,1.165,2.373,5.379,3.328,0.212,0.095
cell_0503,0.355,0.129,0.094,0.121,0.064,0.268,0.185,1.313,0.19,7.638,6.494,7.779,9.088,1.642,1.199,2.36,5.124,3.626,0.162,0.21
cell_0504,0.317,0.097,0.079,0.0,0.115,0.232,0.177,1.595,0.306,9.129,7.38,9.933,9.287,1.257,1.212,2.283,5.707,3.874,0.227,0.134
cell_0505,0.328,0.053,0.047,0.135,0.099,0.265,0.182,1.443,0.231,6.889,8.273,8.102,7.815,1.141,1.102,2.259,4.881,3.537,0.281,0.156
cell_0506,0.265,0.081,0.015,0.042,0.111,0.331,0.17,1.091,0.091,7.325,8.432,8.295,8.522,1.471,1.151,1.856,4.155,3.212,0.215,0.204
cell_0507,0.198,0.062,0.115,0.087,0.141,0.282,0.308,1.723,0.131,8.437,8.911,7.817,8.365,1.667,1.152,2.292,4.302,3.922,0.243,0.238
cell_0508,0.192,0.013,0.124,0.106,0.079,0.255,0.257,1.11,0.286,7.838,10.413,6.608,8.444,1.564,1.198,2.351,4.968,3.026,0.204,0.182
cell_0509,0.372,0.099,0.053,0.109,0.084,0.357,0.17,1.358,0.218,8.187,7.664,8.643,8.108,1.412,1.122,2.019,4.354,3.526,0.285,0.16
cell_0510,0.3,0.007,0.066,0.041,0.094,0.337,0.206,1.294,0.276,8.232,9.338,7.531,8.448,1.403,1.043,2.465,6.022,3.338,0.287,0.123
cell_0511,0.345,0.121,0.07,0.14,0.099,0.235,0.153,1.495,0.234,6.921,9.786,8.293,7.572,1.526,1.094,2.603,4.239,3.238,0.264,0.052
cell_0512,0.204,0.023,0.124,0.098,0.258,0.312,0.19,1.38,0.179,8.896,8.889,7.629,7.726,0.996,0.852,2.107,5.571,3.027,0.225,0.2
cell_0513,0.265,0.064,0.093,0.095,0.17,0.31,0.285,1.289,0.213,8.002,9.826,7.937,7.162,1.264,1.042,1.782,5.265,3.416,0.212,0.188
cell_0514,0.327,0.064,0.043,0.121,0.158,0.327,0.229,1.685,0.261,8.779,9.746,7.654,8.839,1.677,1.034,2.327,4.848,2.906,0.286,0.145
cell_0515,0.303,0.187,0.066,0.105,0.092,0.352,0.166,1.504,0.134,6.66,9.814,8.3,8.513,1.635,1.182,2.155,4.91,3.628,0.184,0.202
cell_0516,0.253,0.089,0.133,0.09,0.064,0.428,0.195,1.616,0.232,8.417,8.016,8.351,9.156,1.304,1.063,2.55,5.053,3.172,0.21,0.147
cell_0517,0.314,0.071,0.102,0.094,0.026,0.277,0.226,1.334,0.35,9.889,9.07,9.673,7.04,1.454,1.281,1.903,4.319,3.746,0.222,0.086
cell_0518,0.315,0.187,0.065,0.037,0.099,0.298,0.195,1.836,0.141,9.845,9.072,8.83,7.74,1.311,0.787,2.536,5.83,3.375,0.273,0.238
cell_0519,0.296,0.168,0.118,0.059,0.093,0.242,0.155,1.581,0.126,9.456,8.006,8.556,9.471,1.165,0.974,2.312,4.712,3.498,0.373,0.209
cell_0520,0.341,0.048,0.105,0.148,0.072,0.404,0.224,1.701,0.221,6.931,7.829,7.553,8.044,1.551,0.955,1.964,4.135,3.608,0.262,0.219
cell_0521,0.3,0.003,0.126,0.107,0.061,0.312,0.148,1.395,0.174,7.6,7.53,7.202,8.179,1.424,0.968,1.932,4.785,3.288,0.205,0.17
cell_0522,0.305,0.09,0.027,0.133,0.105,0.302,0.148,1.502,0.25,6.262,6.705,5.834,7.746,1.459,1.075,2.1,6.008,3.523,0.176,0.211
cell_0523,0.227,0.084,0.057,0.094,0.207,0.204,0.12,1.46,0.207,9.141,7.449,7.697,9.712,1.555,0.927,2.364,4.551,3.177,0.298,0.237
cell_0524,0.316,0.076,0.035,0.051,0.015,0.309,0.18,1.655,0.095,9.084,10.3,7.448,8.675,1.037,0.86,2.523,4.873,3.226,0.178,0.24
cell_0525,0.27,0.069,0.1,0.177,0.106,0.301,0.147,1.379,0.176,9.475,8.25,8.316,6.296,1.406,0.996,2.496,5.984,2.509,0.22,0.258
cell_0526,0.343,0.069,0.088,0.187,0.111,0.44,0.208,1.618,0.131,6.734,8.672,10.333,8.566,1.5,1.099,2.005,5.017,3.115,0.275,0.317
cell_0527,0.314,0.057,0.203,0.123,0.147,0.305,0.266,1.507,0.26,10.678,7.727,7.896,8.276,1.418,1.087,2.117,5.563,3.469,0.243,0.241
cell_0528,0.274,0.136,0.125,0.103,0.139,0.315,0.166,1.478,0.186,9.755,9.029,7.52,7.901,1.522,0.908,2.38,5.252,3.169,0.079,0.205
cell_0529,0.25,0.201,0.073,0.159,0.078,0.292,0.17,1.399,0.226,7.879,7.11,7.114,7.789,1.343,1.053,2.144,5.388,3.143,0.203,0.249
cell_0530,0.354,0.112,0.07,0.083,0.098,0.207,0.142,1.557,0.14,8.778,7.96,8.051,7.997,1.393,0.933,2.336,4.974,3.651,0.116,0.256
cell_0531,0.296,0.083,0.2,0.093,0.104,0.251,0.279,1.622,0.218,9.491,9.086,6.926,5.704,1.738,0.904,1.955,4.514,3.597,0.294,0.17
cell_0532,0.301,0.097,0.096,0.086,0.051,0.271,0.25,1.568,0.152,7.923,9.833,6.968,7.045,1.075,1.083,2.427,3.341,3.709,0.249,0.185
cell_0533,0.269,0.122,0.132,0.095,0.141,0.359,0.265,1.901,0.227,7.666,9.878,8.628,8.096,1.709,1.287,2.211,5.128,3.237,0.164,0.172
cell_0534,0.27,0.122,0.135,0.029,0.062,0.328,0.105,1.714,0.194,7.702,6.059,8.468,7.763,1.28,1.118,2.264,5.148,3.586,0.197,0.239
cell_0535,0.349,0.151,0.104,0.18,0.139,0.334,0.143,1.329,0.21,8.238,9.086,10.106,7.064,1.485,1.185,2.112,5.378,2.637,0.218,0.109
cell_0536,0.211,0.122,0.059,0.092,0.011,0.331,0.184,1.335,0.243,7.034,9.203,6.489,8.712,1.259,1.15,2.463,3.696,3.857,0.13,0.139
cell_0537,0.309,0.108,0.099,0.107,0.102,0.327,0.123,1.705,0.181,8.93,8.789,8.967,8.011,1.491,1.094,2.099,4.826,3.832,0.211,0.212
cell_0538,0.201,0.057,0.193,0.052,0.09,0.307,0.247,1.643,0.147,6.89,8.638,7.302,7.087,1.672,1.135,2.218,5.776,2.4,0.16,0.286
cell_0539,0.341,0.043,0.097,0.15,0.062,0.252,0.207,1.059,0.177,8.535,9.246,7.453,9.187,1.293,0.973,2.437,5.303,2.157,0.152,0.322
cell_0540,0.224,0.132,0.038,0.104,0.088,0.282,0.233,1.501,0.158,7.917,9.143,5.911,7.676,1.428,1.04,2.0,5.466,3.373,0.229,0.194
cell_0541,0.313,0.162,0.031,0.104,0.106,0.245,0.266,1.629,0.165,7.644,7.293,8.293,9.073,1.375,1.11,1.967,5.31,3.36,0.101,0.176
cell_0542,0.331,0.007,0.114,0.062,0.052,0.342,0.158,1.659,0.254,8.213,8.202,7.807,7.108,1.321,1.016,1.882,4.919,3.698,0.178,0.161
cell_0543,0.36,0.122,0.071,0.092,0.049,0.298,0.235,1.207,0.2,7.961,9.782,7.06,8.592,1.284,0.977,2.76,4.492,3.638,0.137,0.164
cell_0544,0.284,0.148,0.067,0.137,0.042,0.326,0.215,1.62,0.169,7.686,7.479,8.402,7.234,1.421,0.99,2.554,5.177,3.948,0.227,0.184
cell_0545,0.294,0.018,0.127,0.056,0.138,0.276,0.229,1.35,0.198,7.55,7.513,8.863,9.954,1.056,1.343,2.054,5.308,3.213,0.284,0.162
cell_0546,0.327,0.068,0.053,0.067,0.186,0.318,0.164,1.412,0.234,8.653,9.377,8.279,5.17,0.861,1.185,2.231,5.081,3.107,0.267,0.235
cell_0547,0.334,0.059,0.088,0.027,0.131,0.357,0.168,1.566,0.167,9.37,8.076,6.866,7.878,1.21,1.008,2.345,4.281,3.097,0.231,0.139
cell_0548,0.317,0.071,0.14,0.029,0.14,0.369,0.247,1.256,0.183,8.979,8.54,8.758,8.368,1.291,1.355,2.414,4.649,2.792,0.239,0.248
cell_0549,0.3,0.111,0.158,0.221,0.129,0.402,0.178,1.482,0.216,9.873,6.862,8.137,8.497,1.444,0.984,2.344,5.051,3.667,0.175,0.225
cell_0550,0.318,0.192,0.162,0.122,0.094,0.387,0.201,1.292,0.242,9.104,8.88,7.748,8.811,1.201,1.168,2.086,5.79,2.693,0.216,0.201
cell_0551,0.389,0.096,0.076,0.061,0.097,0.274,0.215,1.208,0.218,7.28,8.236,8.907,6.196,1.109,1.156,2.439,5.523,3.644,0.131,0.269
cell_0552,0.236,0.046,0.103,0.007,0.173,0.319,0.229,1.662,0.145,7.205,9.608,9.735,7.873,1.48,1.273,2.159,5.341,3.15,0.187,0.14
cell_0553,0.171,0.157,0.071,0.06,0.149,0.326,0.134,1.526,0.179,7.651,8.347,8.283,6.847,1.567,1.083,2.062,5.669,2.547,0.172,0.22
cell_0554,0.28,0.176,0.212,0.135,0.067,0.229,0.245,1.586,0.237,9.715,8.997,8.391,7.956,1.289,1.089,2.506,5.744,3.919,0.19,0.248
cell_0555,0.258,0.124,0.034,0.0,0.155,0.299,0.181,1.548,0.227,6.888,8.281,8.904,6.78,1.36,1.123,2.027,4.564,2.799,0.246,0.231
cell_0556,0.34,0.191,0.219,0.058,0.124,0.271,0.087,1.614,0.242,9.177,8.784,7.312,9.318,1.38,1.096,1.93,4.67,3.486,0.232,0.209
cell_0557,0.299,0.077,0.164,0.105,0.097,0.278,0.165,1.416,0.128,9.016,10.196,8.526,9.474,1.555,1.242,2.696,5.455,3.466,0.177,0.165
cell_0558,0.273,0.107,0.1,0.073,0.19,0.289,0.256,1.385,0.199,8.155,8.94,7.639,8.586,1.111,1.182,2.614,5.967,3.598,0.217,0.185
cell_0559,0.322,0.0,0.189,0.142,0.156,0.284,0.29,1.661,0.122,7.884,8.974,9.115,8.024,1.767,1.008,2.27,5.018,3.862,0.25,0.238
cell_0560,0.3,0.037,0.015,0.117,0.024,0.405,0.257,1.692,0.189,9.163,8.037,9.853,6.162,1.339,1.151,2.411,4.796,3.314,0.201,0.182
cell_0561,0.31,0.1,0.169,0.066,0.076,0.228,0.204,1.705,0.175,7.719,8.557,7.91,6.996,1.3,1.084,2.278,5.239,3.497,0.203,0.202
cell_0562,0.268,0.106,0.101,0.085,0.0,0.416,0.105,1.605,0.194,7.827,10.723,7.662,8.868,1.403,1.24,2.141,5.527,3.09,0.16,0.238
cell_0563,0.27,0.125,0.107,0.078,0.193,0.286,0.219,1.463,0.149,8.073,9.409,8.917,6.418,1.363,1.249,1.871,4.974,3.472,0.114,0.221
cell_0564,0.308,0.106,0.055,0.198,0.074,0.256,0.182,1.811,0.178,6.142,8.839,8.934,7.303,1.258,1.263,2.232,6.258,3.189,0.236,0.137
cell_0565,0.308,0.111,0.13,0.105,0.105,0.289,0.134,1.487,0.283,9.698,8.562,8.266,6.546,1.349,1.072,2.291,5.342,3.054,0.223,0.167
cell_0566,0.268,0.053,0.188,0.138,0.068,0.331,0.206,1.383,0.176,7.978,7.377,8.452,8.837,1.342,1.075,2.197,5.152,3.423,0.215,0.205
cell_0567,0.314,0.078,0.042,0.166,0.144,0.277,0.119,1.365,0.174,8.023,7.218,9.352,7.796,1.224,0.96,2.073,4.713,4.494,0.258,0.198
cell_0568,0.318,0.132,0.051,0.083,0.172,0.303,0.301,1.214,0.254,9.496,8.208,7.101,9.336,1.43,1.197,1.769,5.937,3.957,0.179,0.157
cell_0569,0.356,0.126,0.141,0.123,0.034,0.278,0.226,1.365,0.203,7.26,8.77,7.026,8.991,1.457,1.162,1.816,5.385,3.05,0.141,0.213
cell_0570,0.303,0.075,0.17,0.072,0.087,0.302,0.228,1.361,0.217,8.02,6.766,9.133,6.804,1.327,1.177,2.192,5.883,3.448,0.212,0.198
cell_0571,0.231,0.193,0.108,0.147,0.125,0.248,0.182,1.643,0.129,12.331,7.241,9.435,6.466,1.382,0.966,1.947,6.051,3.462,0.21,0.279
cell_0572,0.336,0.057,0.074,0.162,0.106,0.318,0.208,1.309,0.212,6.125,7.847,7.511,8.324,1.479,1.239,1.708,5.672,3.471,0.183,0.21
cell_0573,0.243,0.221,0.098,0.109,0.049,0.341,0.127,1.768,0.195,8.217,8.37,8.801,7.852,1.503,0.943,2.181,5.14,4.229,0.235,0.223
cell_0574,0.304,0.174,0.136,0.124,0.138,0.379,0.174,1.382,0.24,10.338,8.729,6.24,7.908,1.335,1.062,2.15,5.553,3.349,0.262,0.233
cell_0575,0.332,0.072,0.089,0.132,0.155,0.263,0.167,1.491,0.067,7.889,6.803,8.971,8.189,1.433,1.11,2.148,5.154,3.871,0.116,0.238
cell_0576,0.302,0.138,0.041,0.114,0.187,0.272,0.212,1.335,0.252,9.182,7.547,8.17,7.057,1.664,1.213,2.654,4.615,2.781,0.129,0.19
cell_0577,0.281,0.158,0.079,0.023,0.121,0.257,0.147,1.572,0.22,8.173,7.491,8.978,6.941,1.258,0.995,2.168,4.825,3.416,0.149,0.271
cell_0578,0.334,0.078,0.112,0.099,0.002,0.347,0.301,1.589,0.115,7.992,7.847,8.619,9.228,1.514,1.259,2.196,4.949,2.707,0.144,0.239
cell_0579,0.307,0.148,0.092,0.066,0.043,0.29,0.221,1.533,0.212,7.979,8.687,7.983,7.891,1.422,1.263,2.01,4.259,3.408,0.105,0.201
cell_0580,0.325,0.068,0.15,0.02,0.03,0.363,0.158,1.679,0.142,8.789,10.029,7.807,7.84,1.561,1.123,2.216,6.305,2.911,0.192,0.246
cell_0581,0.218,0.149,0.112,0.002,0.067,0.417,0.224,1.602,0.127,6.707,8.109,8.288,7.222,1.399,0.966,2.524,4.823,2.746,0.217,0.329
cell_0582,0.277,0.13,0.124,0.158,0.149,0.391,0.104,1.359,0.162,7.821,7.431,10.043,8.425,1.375,1.114,1.778,4.435,3.21,0.145,0.17
cell_0583,0.296,0.132,0.134,0.06,0.0,0.283,0.26,1.628,0.232,10.177,8.269,6.307,6.813,1.22,1.101,2.387,5.06,3.918,0.236,0.202
cell_0584,0.322,0.075,0.124,0.098,0.038,0.25,0.169,1.787,0.238,8.977,6.976,7.204,8.002,1.206,1.122,2.644,6.683,3.426,0.29,0.213
cell_0585,0.322,0.007,0.087,0.112,0.067,0.312,0.192,1.437,0.23,8.321,8.8,8.183,8.235,1.438,1.27,2.101,5.103,3.071,0.185,0.244
cell_0586,0.294,0.167,0.039,0.202,0.151,0.313,0.235,1.346,0.24,8.721,10.176,7.023,9.177,1.491,1.003,2.014,4.41,3.51,0.25,0.201
cell_0587,0.376,0.196,0.042,0.052,0.082,0.375,0.209,1.453,0.201,7.409,6.354,7.695,7.945,1.654,1.204,2.737,5.166,3.308,0.211,0.251
cell_0588,0.35,0.196,0.13,0.131,0.059,0.283,0.131,1.517,0.255,8.646,9.376,7.939,8.58,1.593,1.155,1.903,5.607,3.469,0.114,0.193
cell_0589,0.347,0.12,0.108,0.07,0.199,0.392,0.305,1.198,0.15,9.055,9.598,8.581,7.501,1.268,0.963,1.956,5.08,2.994,0.183,0.178
cell_0590,0.324,0.049,0.194,0.047,0.081,0.242,0.271,1.328,0.129,9.642,6.886,6.887,7.864,1.486,1.084,2.449,5.621,3.297,0.191,0.18
cell_0591,0.326,0.088,0.145,0.036,0.119,0.307,0.226,1.73,0.255,9.055,9.796,7.9,8.058,1.606,0.867,2.545,4.909,3.302,0.227,0.232
cell_0592,0.314,0.101,0.116,0.066,0.0,0.282,0.205,1.593,0.131,8.368,9.147,8.443,6.738,1.345,1.094,2.291,4.861,3.73,0.277,0.17
cell_0593,0.281,0.094,0.056,0.057,0.131,0.275,0.194,1.588,0.193,7.394,7.682,10.023,6.252,1.188,1.021,2.196,5.462,3.424,0.155,0.189
cell_0594,0.251,0.149,0.072,0.042,0.056,0.309,0.189,1.665,0.172,7.13,10.132,9.76,9.337,1.17,0.938,2.208,5.158,3.24,0.275,0.21
cell_0595,0.212,0.071,0.161,0.027,0.047,0.374,0.258,1.709,0.213,8.357,7.167,7.215,8.238,1.55,1.105,2.345,5.196,2.819,0.207,0.201
cell_0596,0.35,0.151,0.118,0.05,0.011,0.328,0.197,1.136,0.17,8.6,7.408,8.64,8.016,1.246,1.177,2.135,4.652,3.661,0.266,0.261
cell_0597,0.36,0.119,0.05,0.144,0.173,0.393,0.165,1.329,0.242,6.366,8.116,7.745,9.411,1.575,1.207,2.343,5.15,3.68,0.184,0.258
cell_0598,0.368,0.099,0.106,0.107,0.142,0.264,0.22,1.373,0.179,8.184,8.098,8.774,11.148,1.499,1.213,2.512,5.605,3.002,0.255,0.267
cell_0599,0.29,0.086,0.187,0.149,0.171,0.231,0.249,1.354,0.224,9.154,9.096,7.923,8.417,1.68,0.994,2.234,4.787,3.044,0.242,0.233
cell_0600,0.272,0.225,0.12,0.021,0.097,0.179,0.173,1.533,0.219,8.938,7.678,9.134,8.708,1.649,1.117,2.242,4.143,3.2,0.191,0.2
cell_0601,0.311,0.016,0.085,0.082,0.008,0.296,0.171,1.642,0.142,8.639,7.285,7.369,7.749,1.413,1.081,1.836,5.455,3.617,0.296,0.187
cell_0602,0.249,0.044,0.191,0.098,0.139,0.396,0.256,1.487,0.233,9.905,8.667,7.882,6.511,1.401,1.224,1.901,3.869,3.398,0.161,0.195
cell_0603,0.343,0.181,0.136,0.108,0.0,0.306,0.307,1.686,0.248,7.971,8.097,7.191,9.152,1.137,1.209,2.056,5.5,3.419,0.302,0.225
cell_0604,0.299,0.047,0.078,0.135,0.095,0.299,0.229,1.412,0.232,9.89,8.763,8.076,7.211,1.063,0.855,1.759,5.98,4.81,0.192,0.24
cell_0605,0.255,0.016,0.116,0.118,0.13,0.303,0.252,1.413,0.198,6.559,8.792,7.052,6.625,1.554,1.239,2.08,5.359,3.608,0.26,0.186
cell_0606,0.299,0.128,0.019,0.082,0.104,0.361,0.151,1.477,0.257,8.9,8.442,9.838,8.895,1.915,1.278,2.471,6.066,3.707,0.126,0.233
cell_0607,0.321,0.08,0.14,0.086,0.101,0.374,0.176,1.336,0.241,9.087,8.51,8.098,7.027,1.314,1.034,1.868,4.156,3.798,0.208,0.174
cell_0608,0.266,0.148,0.009,0.149,0.109,0.224,0.077,1.484,0.238,9.261,9.31,9.474,8.056,1.439,1.074,2.335,4.906,2.759,0.165,0.199
cell_0609,0.338,0.073,0.106,0.117,0.086,0.261,0.134,1.316,0.174,8.061,8.638,5.012,7.45,1.22,0.962,2.134,6.412,3.657,0.228,0.229
cell_0610,0.23,0.09,0.029,0.137,0.062,0.341,0.139,1.528,0.203,6.993,7.872,9.556,8.062,1.656,1.023,2.131,4.603,3.254,0.161,0.221
cell_0611,0.326,0.14,0.017,0.096,0.095,0.308,0.217,1.305,0.258,8.45,10.269,8.546,9.298,1.298,1.002,1.718,5.238,3.087,0.218,0.194
cell_0612,0.322,0.101,0.127,0.127,0.065,0.349,0.142,1.527,0.198,9.267,8.913,7.603,8.75,1.451,1.355,2.525,6.003,3.91,0.316,0.252
cell_0613,0.386,0.07,0.049,0.104,0.128,0.342,0.134,1.207,0.197,8.657,7.864,8.049,8.302,1.446,1.234,2.18,4.948,3.921,0.195,0.176
cell_0614,0.29,0.103,0.083,0.047,0.169,0.365,0.302,1.831,0.231,7.603,11.1,6.718,6.929,1.056,1.16,2.306,5.231,3.118,0.214,0.149
cell_0615,0.218,0.1,0.184,0.144,0.081,0.27,0.174,1.526,0.151,8.847,8.269,8.717,8.343,1.36,1.166,1.61,4.169,4.275,0.165,0.273
cell_0616,0.422,0.137,0.11,0.117,0.143,0.264,0.22,1.498,0.039,7.997,5.844,8.583,7.371,1.271,1.182,2.146,5.209,3.539,0.192,0.275
cell_0617,0.267,0.135,0.044,0.061,0.183,0.3,0.19,1.457,0.234,8.356,8.796,8.007,8.592,1.333,1.139,2.69,7.161,3.146,0.221,0.043
cell_0618,0.21,0.154,0.023,0.078,0.127,0.357,0.224,1.797,0.299,7.981,9.119,6.336,7.511,1.434,1.162,2.372,5.244,3.349,0.215,0.151
cell_0619,0.296,0.068,0.112,0.071,0.093,0.311,0.173,1.673,0.156,9.835,9.386,8.121,8.521,1.579,1.062,1.913,6.547,4.132,0.283,0.223
cell_0620,0.333,0.123,0.047,0.17,0.12,0.305,0.157,1.801,0.211,7.46,9.29,7.388,7.137,1.498,1.073,2.817,4.932,3.986,0.181,0.143
cell_0621,0.306,0.157,0.15,0.06,0.057,0.27,0.178,1.498,0.203,10.319,8.803,7.058,7.882,1.37,0.922,2.497,4.607,3.375,0.25,0.268
cell_0622,0.276,0.126,0.132,0.037,0.115,0.314,0.189,1.339,0.24,10.237,6.264,7.727,8.07,1.156,1.161,2.381,6.018,2.775,0.217,0.253
cell_0623,0.345,0.072,0.146,0.002,0.055,0.322,0.248,1.298,0.202,7.797,8.486,7.63,8.151,1.448,1.063,2.365,5.125,3.521,0.153,0.203
cell_0624,0.305,0.109,0.098,0.109,0.041,0.338,0.186,1.11,0.214,8.412,8.798,5.719,8.48,1.829,1.013,2.003,4.132,3.509,0.248,0.214
cell_0625,0.24,0.132,0.033,0.131,0.12,0.251,0.214,1.626,0.177,7.793,8.349,8.904,8.109,1.376,1.029,1.859,5.028,3.953,0.102,0.181
cell_0626,0.262,0.09,0.14,0.076,0.0,0.39,0.199,1.485,0.19,8.582,9.838,8.656,6.701,1.248,1.166,2.101,4.972,3.43,0.281,0.221
cell_0627,0.279,0.198,0.129,0.148,0.121,0.276,0.12,1.42,0.297,7.874,9.636,7.936,6.684,1.482,1.223,2.253,5.315,3.528,0.316,0.169
cell_0628,0.269,0.161,0.118,0.113,0.106,0.369,0.208,1.271,0.188,8.035,9.386,7.938,7.64,1.78,1.16,2.319,4.967,3.525,0.195,0.195
cell_0629,0.28,0.013,0.055,0.115,0.097,0.299,0.218,1.374,0.146,7.059,8.22,9.406,7.783,1.727,1.04,2.342,5.11,3.586,0.173,0.149
cell_0630,0.224,0.107,0.112,0.094,0.189,0.333,0.207,1.634,0.293,9.117,8.122,8.164,7.78,1.562,1.093,2.316,4.281,2.78,0.282,0.216
cell_0631,0.296,0.152,0.083,0.066,0.101,0.351,0.157,1.418,0.155,9.423,7.168,7.952,6.373,1.337,1.376,2.296,5.228,3.065,0.309,0.211
cell_0632,0.309,0.191,0.073,0.089,0.0,0.254,0.246,1.58,0.215,8.92,8.068,9.95,7.988,1.47,1.165,2.378,5.76,2.859,0.254,0.19
cell_0633,0.327,0.234,0.117,0.112,0.125,0.34,0.191,1.662,0.25,8.179,9.921,6.723,9.133,1.443,1.057,2.181,4.357,3.982,0.249,0.229
cell_0634,0.244,0.121,0.078,0.086,0.09,0.246,0.168,1.682,0.257,9.27,8.428,9.8,8.027,1.279,1.274,2.253,5.869,3.796,0.144,0.203
cell_0635,0.249,0.097,0.073,0.013,0.159,0.28,0.124,1.17,0.199,8.095,9.348,9.815,7.488,1.328,1.036,2.001,5.214,3.158,0.225,0.204
cell_0636,0.356,0.142,0.109,0.15,0.119,0.225,0.258,1.479,0.187,9.29,7.622,6.496,7.408,1.389,1.128,2.279,4.536,3.041,0.096,0.143
cell_0637,0.243,0.083,0.125,0.0,0.23,0.317,0.175,1.57,0.236,8.284,6.756,6.872,8.888,1.561,1.045,1.979,4.638,3.784,0.278,0.202
cell_0638,0.278,0.104,0.132,0.088,0.026,0.291,0.169,1.483,0.149,7.488,8.197,8.343,9.059,1.123,0.979,2.53,4.717,3.616,0.162,0.204
cell_0639,0.225,0.086,0.107,0.109,0.177,0.321,0.198,1.582,0.236,9.331,8.562,8.35,6.973,1.164,1.376,1.678,4.88,3.52,0.27,0.237
cell_0640,0.297,0.005,0.018,0.179,0.066,0.251,0.173,1.413,0.28,7.063,7.969,8.868,7.431,1.532,1.077,2.401,4.734,3.36,0.132,0.241
cell_0641,0.283,0.168,0.0,0.067,0.135,0.359,0.214,4.932,0.367,9.277,10.599,7.682,2.917,5.783,8.428,10.26,1.298,0.907,0.072,0.248
cell_0642,0.191,0.17,0.098,0.048,0.056,0.448,0.326,4.519,0.348,7.923,5.9,7.679,4.048,10.127,7.089,8.456,1.118,0.759,0.216,0.169
cell_0643,0.303,0.082,0.105,0.104,0.19,0.392,0.303,3.45,0.279,9.313,9.383,8.079,2.863,8.873,8.764,8.101,0.819,0.874,0.198,0.217
cell_0644,0.345,0.108,0.0,0.11,0.147,0.329,0.312,5.394,0.392,7.622,10.536,8.624,3.264,6.963,6.475,7.664,1.16,0.917,0.126,0.209
cell_0645,0.211,0.083,0.073,0.072,0.084,0.37,0.35,4.126,0.339,6.226,8.332,10.434,3.155,7.782,6.943,9.249,1.173,0.807,0.234,0.223
cell_0646,0.26,0.0,0.036,0.0,0.087,0.357,0.295,3.87,0.324,10.196,10.808,7.92,2.996,10.46,7.478,6.926,1.202,0.801,0.239,0.135
cell_0647,0.288,0.057,0.126,0.158,0.027,0.285,0.287,4.318,0.385,6.582,7.59,7.619,3.961,7.364,6.335,6.783,1.178,0.972,0.142,0.222
cell_0648,0.368,0.121,0.055,0.082,0.085,0.294,0.337,3.749,0.286,8.552,8.382,9.366,3.303,7.707,7.96,8.227,1.09,0.949,0.204,0.19
cell_0649,0.337,0.112,0.079,0.135,0.083,0.378,0.281,4.235,0.302,7.467,8.445,10.42,3.784,8.688,6.087,8.783,0.984,0.961,0.195,0.162
cell_0650,0.38,0.124,0.152,0.05,0.083,0.435,0.393,4.835,0.304,8.324,9.695,7.974,3.631,7.835,6.885,8.576,1.18,0.982,0.218,0.253
cell_0651,0.386,0.101,0.118,0.129,0.054,0.352,0.392,3.969,0.265,9.017,10.772,9.136,3.86,9.746,8.122,7.556,0.885,0.846,0.186,0.207
cell_0652,0.297,0.057,0.09,0.009,0.16,0.379,0.268,3.443,0.269,8.792,7.44,7.979,3.82,7.104,7.405,8.516,1.037,0.816,0.092,0.188
cell_0653,0.358,0.088,0.19,0.168,0.125,0.418,0.288,4.483,0.34,9.518,9.935,8.888,3.233,8.298,6.317,5.316,1.02,0.682,0.179,0.175
cell_0654,0.315,0.128,0.124,0.109,0.042,0.425,0.3,4.445,0.325,9.397,9.655,7.354,3.138,8.677,6.934,8.114,0.961,0.769,0.118,0.186
cell_0655,0.165,0.128,0.121,0.139,0.016,0.32,0.374,3.291,0.357,7.668,9.02,7.303,4.025,7.993,5.995,8.0,1.222,0.961,0.225,0.228
cell_0656,0.344,0.095,0.078,0.196,0.09,0.407,0.278,4.491,0.301,9.282,9.937,9.011,3.885,7.095,6.602,8.929,1.28,0.849,0.209,0.216
cell_0657,0.163,0.119,0.2,0.087,0.18,0.462,0.365,4.164,0.251,8.454,8.749,9.524,3.518,6.748,7.047,6.68,0.993,0.909,0.157,0.227
cell_0658,0.317,0.095,0.035,0.205,0.077,0.51,0.379,4.573,0.293,9.361,7.538,9.156,3.947,6.634,6.577,7.409,0.999,0.988,0.232,0.249
cell_0659,0.319,0.177,0.04,0.059,0.008,0.438,0.284,4.713,0.339,8.5,8.3,9.851,2.226,6.726,6.679,7.905,0.966,0.939,0.24,0.236
cell_0660,0.296,0.123,0.097,0.14,0.085,0.4,0.356,3.317,0.271,8.669,9.42,8.644,3.808,7.569,7.463,5.938,1.207,1.014,0.236,0.142
cell_0661,0.278,0.095,0.082,0.126,0.167,0.373,0.292,3.916,0.272,9.2,9.639,8.991,3.949,7.156,7.017,8.187,0.992,0.853,0.21,0.157
cell_0662,0.368,0.073,0.015,0.141,0.182,0.408,0.27,3.988,0.291,8.879,8.283,6.743,3.08,7.897,9.116,8.201,1.282,0.823,0.168,0.158
cell_0663,0.323,0.056,0.066,0.008,0.064,0.415,0.273,3.641,0.345,9.194,8.702,8.618,3.639,8.031,6.431,8.203,1.068,0.943,0.2,0.241
cell_0664,0.372,0.033,0.071,0.047,0.058,0.337,0.304,4.262,0.297,9.384,8.225,7.438,3.241,9.029,5.751,5.975,1.179,0.918,0.215,0.099
cell_0665,0.344,0.015,0.127,0.183,0.047,0.497,0.362,4.149,0.332,6.879,9.605,9.142,3.641,7.288,7.362,8.456,0.95,0.926,0.26,0.191
cell_0666,0.295,0.0,0.011,0.088,0.12,0.421,0.318,5.201,0.283,9.136,9.156,6.246,3.498,7.336,7.602,8.711,1.084,1.018,0.239,0.175
cell_0667,0.229,0.138,0.072,0.136,0.158,0.414,0.24,4.045,0.283,7.916,7.449,7.488,3.42,7.754,7.559,7.037,0.945,0.99,0.225,0.182
cell_0668,0.312,0.109,0.114,0.128,0.13,0.376,0.203,3.716,0.37,9.771,8.012,6.985,3.21,9.032,7.501,8.802,1.165,0.772,0.07,0.191
cell_0669,0.302,0.087,0.08,0.204,0.121,0.512,0.297,4.625,0.347,9.641,9.105,8.88,3.417,7.134,7.476,7.652,0.921,0.975,0.112,0.131
cell_0670,0.366,0.176,0.029,0.11,0.018,0.392,0.353,3.824,0.294,8.352,7.834,7.424,3.652,8.962,6.345,8.152,1.103,0.751,0.156,0.242
cell_0671,0.403,0.094,0.154,0.141,0.154,0.405,0.389,4.207,0.264,9.075,8.473,9.445,2.949,8.533,7.628,8.481,1.165,1.006,0.157,0.318
cell_0672,0.378,0.086,0.203,0.12,0.082,0.4,0.318,3.067,0.345,9.218,7.623,9.049,3.877,8.118,7.714,7.651,1.127,0.695,0.167,0.213
cell_0673,0.282,0.136,0.117,0.169,0.136,0.408,0.279,3.185,0.234,8.394,10.161,7.062,3.649,7.863,6.235,7.964,1.272,0.871,0.112,0.184
cell_0674,0.277,0.029,0.177,0.153,0.152,0.4,0.232,3.828,0.292,7.413,9.074,8.415,4.101,7.995,6.895,8.783,1.318,0.768,0.163,0.298
cell_0675,0.288,0.068,0.021,0.072,0.066,0.404,0.317,3.833,0.332,10.155,7.89,7.685,3.875,8.457,6.035,8.767,1.021,0.731,0.193,0.241
cell_0676,0.321,0.14,0.158,0.143,0.058,0.346,0.29,4.543,0.225,10.893,11.178,8.61,4.076,9.526,5.608,7.69,0.927,1.006,0.192,0.257
cell_0677,0.272,0.07,0.036,0.005,0.077,0.417,0.29,4.083,0.249,10.637,7.054,9.657,4.693,7.766,6.101,8.583,1.045,1.005,0.17,0.182
cell_0678,0.308,0.075,0.074,0.146,0.13,0.432,0.257,4.34,0.309,8.237,8.026,7.066,3.796,5.668,8.466,8.593,1.088,0.939,0.194,0.209
cell_0679,0.338,0.058,0.058,0.088,0.09,0.409,0.25,4.242,0.309,8.126,8.829,6.513,3.141,9.544,7.706,9.849,1.063,1.032,0.197,0.269
cell_0680,0.305,0.133,0.052,0.088,0.084,0.428,0.302,4.995,0.277,7.331,7.1,6.897,3.189,8.219,8.342,7.617,1.196,0.864,0.144,0.224
cell_0681,0.357,0.199,0.182,0.095,0.196,0.357,0.293,4.183,0.327,9.362,11.298,10.042,3.151,8.216,5.68,7.376,1.115,0.961,0.218,0.122
cell_0682,0.267,0.074,0.152,0.02,0.124,0.359,0.322,4.065,0.375,9.259,8.518,8.29,3.798,8.165,4.833,7.67,0.93,0.745,0.198,0.206
cell_0683,0.348,0.158,0.131,0.026,0.064,0.417,0.242,4.479,0.232,9.437,9.803,8.433,4.03,8.27,7.435,7.812,1.121,1.043,0.236,0.162
cell_0684,0.247,0.132,0.053,0.135,0.099,0.469,0.196,4.266,0.257,7.598,8.039,9.142,3.716,8.245,7.247,7.659,1.194,0.898,0.246,0.247
cell_0685,0.303,0.065,0.183,0.055,0.066,0.401,0.341,4.144,0.211,8.349,9.267,9.772,3.523,8.013,7.135,8.358,0.848,0.929,0.234,0.275
cell_0686,0.242,0.062,0.111,0.077,0.04,0.348,0.372,3.062,0.313,8.951,8.703,9.648,3.42,7.626,6.698,8.156,1.117,0.702,0.269,0.124
cell_0687,0.299,0.125,0.077,0.198,0.122,0.412,0.328,3.192,0.334,8.086,9.431,8.081,3.09,7.625,7.121,7.753,1.047,0.967,0.236,0.141
cell_0688,0.242,0.077,0.105,0.137,0.045,0.297,0.351,4.452,0.252,8.165,6.454,8.031,2.417,7.204,6.693,7.314,1.129,0.743,0.184,0.13
cell_0689,0.352,0.161,0.0,0.107,0.07,0.453,0.341,3.905,0.283,9.372,9.665,7.189,3.698,7.101,8.857,8.076,1.154,0.71,0.212,0.325
cell_0690,0.234,0.065,0.04,0.103,0.117,0.484,0.347,4.066,0.277,6.919,8.892,7.607,3.928,8.148,7.864,8.789,1.094,0.795,0.258,0.152
cell_0691,0.244,0.094,0.04,0.105,0.063,0.439,0.258,4.496,0.295,7.489,9.1,8.115,3.683,7.518,8.389,8.007,1.097,0.832,0.273,0.126
cell_0692,0.323,0.094,0.055,0.165,0.124,0.315,0.311,4.491,0.265,8.534,6.583,6.964,4.347,8.046,5.373,7.857,0.973,0.866,0.169,0.324
cell_0693,0.285,0.192,0.163,0.068,0.088,0.332,0.288,4.115,0.361,9.367,9.241,8.229,3.774,8.425,8.471,8.31,1.227,1.002,0.22,0.29
cell_0694,0.302,0.161,0.095,0.004,0.147,0.39,0.209,3.892,0.297,7.991,8.731,9.972,3.871,6.262,7.081,6.712,1.17,0.837,0.185,0.115
cell_0695,0.384,0.109,0.127,0.061,0.07,0.471,0.325,4.385,0.342,8.21,9.94,9.217,3.857,11.373,8.267,9.075,1.034,0.982,0.173,0.375
cell_0696,0.225,0.086,0.163,0.0,0.038,0.383,0.321,4.275,0.305,7.214,7.215,8.541,2.791,8.002,7.444,8.173,1.252,0.908,0.121,0.192
cell_0697,0.315,0.11,0.087,0.144,0.041,0.432,0.201,4.958,0.392,10.298,7.237,7.014,3.57,7.19,8.171,7.36,1.241,0.935,0.202,0.208
cell_0698,0.296,0.07,0.132,0.145,0.008,0.346,0.31,4.184,0.302,9.338,8.421,8.857,3.582,7.905,7.329,8.152,1.449,0.975,0.172,0.213
cell_0699,0.303,0.122,0.128,0.069,0.066,0.544,0.275,3.678,0.337,9.454,9.019,9.178,3.838,7.415,7.458,9.59,1.236,0.899,0.114,0.188
cell_0700,0.293,0.059,0.0,0.078,0.069,0.452,0.318,4.571,0.282,7.514,9.884,8.338,4.33,7.007,8.378,7.044,1.158,0.871,0.276,0.083
cell_0701,0.321,0.146,0.113,0.127,0.049,0.433,0.226,4.401,0.253,9.307,9.633,8.131,3.941,8.749,6.224,9.265,1.288,0.767,0.214,0.197
cell_0702,0.284,0.016,0.049,0.032,0.146,0.386,0.37,4.404,0.333,9.489,7.294,10.557,3.455,7.764,6.168,9.01,1.024,0.849,0.305,0.13
cell_0703,0.231,0.12,0.088,0.152,0.101,0.328,0.258,3.699,0.224,10.953,8.487,8.995,3.812,5.757,8.871,7.394,1.055,0.8,0.199,0.189
cell_0704,0.273,0.061,0.161,0.137,0.083,0.361,0.338,4.103,0.312,8.718,6.915,8.507,3.518,8.056,5.723,9.336,1.06,1.133,0.222,0.263
cell_0705,0.211,0.122,0.0,0.07,0.148,0.401,0.348,4.349,0.245,10.65,9.309,9.166,3.278,7.324,6.878,8.819,1.35,0.895,0.238,0.21
cell_0706,0.271,0.158,0.11,0.181,0.187,0.342,0.238,4.202,0.316,9.222,8.328,7.601,3.604,9.432,6.475,8.143,1.026,0.782,0.237,0.138
cell_0707,0.362,0.131,0.15,0.127,0.106,0.395,0.341,5.142,0.321,10.3,9.814,8.826,3.532,7.113,5.938,7.715,1.015,0.869,0.214,0.224
cell_0708,0.262,0.167,0.118,0.095,0.033,0.421,0.301,4.144,0.367,9.348,8.316,8.46,3.861,8.105,6.605,8.761,1.115,0.818,0.171,0.201
cell_0709,0.367,0.114,0.049,0.118,0.107,0.362,0.243,4.4,0.256,9.978,11.257,9.675,3.175,8.231,8.24,10.603,1.037,1.006,0.171,0.24
cell_0710,0.353,0.159,0.109,0.153,0.026,0.392,0.278,3.825,0.318,9.554,7.124,7.397,3.042,7.487,7.261,9.263,0.971,0.928,0.231,0.215
cell_0711,0.277,0.039,0.095,0.136,0.068,0.366,0.256,5.177,0.303,8.416,10.952,8.576,3.077,8.167,7.341,7.928,1.003,0.911,0.252,0.147
cell_0712,0.344,0.156,0.111,0.053,0.094,0.324,0.182,5.096,0.246,8.775,9.538,9.478,3.807,7.773,8.745,8.468,1.093,0.921,0.271,0.242
cell_0713,0.348,0.055,0.095,0.025,0.139,0.364,0.362,3.982,0.357,7.727,7.709,7.752,3.324,7.989,6.3,6.701,1.236,0.975,0.295,0.169
cell_0714,0.252,0.09,0.176,0.068,0.077,0.501,0.251,4.288,0.288,7.358,9.287,9.921,3.774,8.535,6.931,7.954,0.982,0.97,0.224,0.211
cell_0715,0.33,0.184,0.113,0.125,0.071,0.402,0.326,3.975,0.359,7.796,8.172,8.117,3.773,9.407,6.329,9.355,1.054,0.946,0.185,0.172
cell_0716,0.276,0.112,0.118,0.073,0.146,0.448,0.377,3.976,0.364,7.291,10.187,8.138,3.964,9.347,7.484,7.598,1.288,0.885,0.159,0.182
cell_0717,0.289,0.135,0.121,0.051,0.084,0.425,0.295,4.23,0.306,8.356,8.073,9.761,3.019,6.362,5.558,6.567,1.243,0.91,0.304,0.185
cell_0718,0.229,0.053,0.057,0.03,0.079,0.36,0.326,4.557,0.355,8.579,8.343,8.742,3.184,7.846,9.135,7.26,1.172,0.807,0.197,0.21
cell_0719,0.307,0.12,0.107,0.21,0.064,0.531,0.334,5.08,0.292,8.044,8.448,7.485,3.226,7.169,8.116,8.423,1.047,0.845,0.209,0.147
cell_0720,0.33,0.134,0.156,0.011,0.129,0.462,0.369,3.258,0.297,9.903,8.575,8.561,4.45,7.628,6.624,7.384,0.955,0.876,0.139,0.121
cell_0721,0.267,0.023,0.139,0.074,0.049,0.404,0.309,3.86,0.261,5.649,8.598,8.785,3.754,6.19,7.506,9.186,1.137,0.991,0.262,0.178
cell_0722,0.277,0.116,0.074,0.128,0.09,0.381,0.276,4.332,0.289,9.368,9.803,7.104,3.817,7.18,7.071,7.921,1.118,0.887,0.132,0.226
cell_0723,0.291,0.084,0.085,0.089,0.111,0.342,0.175,4.071,0.245,10.147,7.939,8.666,4.378,6.988,6.694,6.299,1.022,0.845,0.204,0.189
cell_0724,0.21,0.115,0.214,0.069,0.178,0.318,0.281,3.769,0.35,10.019,7.908,9.729,3.86,8.62,7.902,9.123,1.065,0.977,0.202,0.215
cell_0725,0.264,0.095,0.107,0.069,0.118,0.374,0.337,4.585,0.269,8.408,7.081,8.005,3.806,9.248,7.23,8.393,0.898,0.518,0.286,0.159
cell_0726,0.248,0.032,0.149,0.075,0.103,0.37,0.354,3.53,0.347,8.36,12.087,7.817,3.834,10.874,6.467,9.629,1.134,0.925,0.219,0.184
cell_0727,0.293,0.058,0.151,0.065,0.077,0.344,0.261,4.724,0.282,9.304,7.566,8.955,3.327,7.929,8.103,9.016,1.033,1.012,0.211,0.228
cell_0728,0.327,0.029,0.084,0.121,0.084,0.368,0.289,4.383,0.286,8.93,10.144,10.747,3.264,6.586,7.674,9.024,1.241,0.858,0.142,0.242
cell_0729,0.343,0.055,0.17,0.054,0.188,0.421,0.235,4.789,0.313,7.224,9.618,8.174,4.039,6.833,5.87,8.109,1.326,0.798,0.15,0.224
cell_0730,0.308,0.11,0.062,0.111,0.017,0.444,0.327,4.561,0.301,9.132,8.6,9.334,3.186,8.692,6.832,6.554,1.075,0.707,0.197,0.2
cell_0731,0.287,0.143,0.023,0.203,0.124,0.379,0.288,5.12,0.235,9.025,6.863,8.137,3.745,7.55,7.193,7.832,1.088,1.062,0.179,0.194
cell_0732,0.286,0.05,0.158,0.078,0.123,0.461,0.274,4.246,0.313,9.921,8.95,8.254,2.871,7.723,7.432,10.276,0.794,0.601,0.199,0.225
cell_0733,0.291,0.147,0.029,0.026,0.089,0.378,0.35,4.457,0.322,6.708,8.755,9.961,4.122,8.074,9.353,8.298,1.117,1.047,0.183,0.168
cell_0734,0.333,0.111,0.065,0.102,0.223,0.376,0.294,4.419,0.205,8.576,8.891,6.405,4.401,7.796,9.009,7.921,1.206,0.941,0.143,0.263
cell_0735,0.38,0.062,0.077,0.118,0.107,0.391,0.32,4.658,0.29,8.866,8.997,10.43,3.984,7.953,7.889,9.156,1.029,1.073,0.137,0.158
cell_0736,0.271,0.129,0.04,0.055,0.059,0.419,0.251,5.576,0.267,7.254,8.819,9.748,3.861,8.285,5.533,9.741,1.116,0.964,0.16,0.219
cell_0737,0.247,0.078,0.05,0.164,0.046,0.357,0.274,4.332,0.436,8.529,8.891,8.301,2.444,7.432,6.791,7.975,1.107,1.027,0.182,0.097
cell_0738,0.369,0.12,0.085,0.134,0.186,0.346,0.346,4.374,0.369,8.139,8.358,8.396,3.556,7.981,6.134,9.622,0.975,0.791,0.244,0.257
cell_0739,0.257,0.119,0.074,0.03,0.045,0.454,0.368,4.004,0.232,9.496,8.168,7.847,3.996,10.04,5.606,8.121,0.958,0.905,0.163,0.234
cell_0740,0.367,0.05,0.122,0.136,0.11,0.328,0.357,4.78,0.258,9.147,7.824,7.312,4.345,8.561,7.554,6.941,1.188,0.898,0.135,0.236
cell_0741,0.311,0.084,0.141,0.115,0.0,0.355,0.339,3.76,0.308,7.393,8.132,7.776,4.488,7.6,6.688,8.975,1.242,0.883,0.157,0.173
cell_0742,0.356,0.004,0.183,0.109,0.076,0.324,0.337,3.751,0.296,7.888,10.086,9.896,3.22,8.126,8.904,7.054,0.988,0.98,0.195,0.243
cell_0743,0.343,0.034,0.117,0.083,0.164,0.402,0.366,3.686,0.404,8.939,8.624,7.215,3.013,6.308,7.32,8.25,1.085,0.906,0.176,0.306
cell_0744,0.318,0.064,0.091,0.088,0.139,0.437,0.258,4.858,0.36,8.897,9.611,7.681,2.631,9.356,6.714,9.126,1.128,0.861,0.134,0.213
cell_0745,0.305,0.094,0.085,0.176,0.204,0.412,0.258,4.406,0.243,6.965,9.124,8.418,3.345,8.719,8.73,8.778,1.098,1.04,0.233,0.206
cell_0746,0.271,0.058,0.09,0.099,0.107,0.311,0.32,4.367,0.296,9.033,9.529,7.141,3.617,8.248,6.528,8.21,1.169,1.052,0.179,0.214
cell_0747,0.357,0.139,0.1,0.104,0.145,0.456,0.194,4.512,0.33,9.765,9.276,7.687,4.071,8.859,7.432,8.528,0.812,0.845,0.242,0.186
cell_0748,0.302,0.102,0.166,0.143,0.021,0.483,0.315,4.586,0.222,9.793,10.938,8.943,3.198,5.786,6.673,6.797,1.137,0.834,0.136,0.226
cell_0749,0.303,0.096,0.078,0.129,0.012,0.386,0.217,3.727,0.33,7.621,10.005,8.766,4.081,7.445,6.969,8.746,1.204,1.002,0.203,0.232
cell_0750,0.321,0.008,0.036,0.013,0.031,0.314,0.323,3.905,0.332,7.913,10.117,8.191,3.571,7.224,6.839,7.266,1.137,0.758,0.155,0.243
cell_0751,0.33,0.133,0.087,0.136,0.171,0.487,0.303,3.975,0.311,7.763,8.632,7.429,3.38,7.24,6.457,5.919,1.183,1.012,0.259,0.272
cell_0752,0.238,0.118,0.156,0.151,0.113,0.411,0.189,4.753,0.342,8.695,8.575,8.213,3.571,7.929,7.778,9.05,1.205,0.916,0.204,0.222
cell_0753,0.3,0.144,0.056,0.068,0.075,0.417,0.258,4.531,0.241,6.823,8.664,7.295,3.194,8.673,6.567,9.671,1.191,0.938,0.125,0.153
cell_0754,0.392,0.046,0.167,0.132,0.108,0.374,0.263,4.027,0.272,9.045,9.463,10.709,4.245,6.854,8.001,9.628,1.123,1.017,0.211,0.221
cell_0755,0.258,0.161,0.124,0.0,0.055,0.397,0.272,4.368,0.233,6.587,8.003,8.03,2.968,7.17,7.589,8.589,1.259,0.91,0.207,0.129
cell_0756,0.298,0.085,0.153,0.04,0.041,0.354,0.28,3.856,0.312,9.112,8.293,10.19,3.508,7.716,5.539,8.566,1.117,0.994,0.271,0.204
cell_0757,0.28,0.068,0.112,0.096,0.098,0.387,0.225,5.142,0.368,8.766,9.595,8.277,4.127,8.433,6.614,8.444,1.148,0.977,0.192,0.207
cell_0758,0.425,0.037,0.126,0.147,0.079,0.296,0.273,4.657,0.301,8.227,8.967,7.091,3.251,8.578,7.192,7.19,1.259,0.867,0.202,0.147
cell_0759,0.346,0.11,0.103,0.139,0.057,0.405,0.361,3.926,0.212,9.304,9.195,9.65,3.664,7.782,6.833,7.032,1.184,0.968,0.123,0.177
cell_0760,0.376,0.056,0.047,0.054,0.102,0.373,0.396,4.339,0.282,7.574,8.961,8.167,4.518,7.304,7.314,8.556,1.116,0.962,0.229,0.249
cell_0761,0.286,0.104,0.008,0.08,0.163,0.452,0.289,4.658,0.304,8.306,10.819,7.675,3.891,7.366,8.391,7.251,1.083,0.893,0.161,0.269
cell_0762,0.308,0.152,0.172,0.019,0.123,0.419,0.35,3.216,0.287,8.941,8.679,7.957,2.828,7.065,6.24,8.397,1.143,1.099,0.216,0.218
cell_0763,0.283,0.124,0.133,0.143,0.151,0.395,0.289,4.614,0.338,8.251,8.236,8.548,4.029,8.502,7.82,7.826,1.331,1.16,0.242,0.296
cell_0764,0.342,0.03,0.22,0.076,0.193,0.423,0.195,3.965,0.373,7.99,7.092,7.543,3.723,7.654,7.651,8.325,1.081,0.896,0.31,0.202
cell_0765,0.298,0.123,0.088,0.128,0.141,0.364,0.3,4.438,0.246,10.386,7.895,8.738,3.442,8.809,8.115,7.908,1.261,1.015,0.147,0.199
cell_0766,0.296,0.13,0.181,0.12,0.08,0.365,0.328,4.418,0.198,8.472,8.569,8.793,2.836,7.169,7.718,8.173,1.279,0.778,0.138,0.239
cell_0767,0.357,0.023,0.093,0.03,0.131,0.296,0.403,4.563,0.239,7.787,7.646,8.385,3.214,7.367,7.599,8.152,1.109,0.939,0.167,0.076
cell_0768,0.367,0.11,0.173,0.111,0.149,0.5,0.308,4.001,0.248,8.659,7.614,10.031,3.697,7.96,8.599,8.452,1.163,0.921,0.123,0.184
cell_0769,0.342,0.035,0.008,0.091,0.15,0.418,0.357,3.815,0.342,7.663,6.521,9.199,3.914,8.836,7.192,8.035,1.155,1.006,0.092,0.18
cell_0770,0.269,0.088,0.051,0.058,0.168,0.379,0.307,4.541,0.205,8.035,7.884,8.293,3.71,6.374,8.043,6.655,1.166,0.866,0.199,0.202
cell_0771,0.34,0.06,0.051,0.106,0.064,0.408,0.303,4.154,0.293,9.503,6.073,8.035,3.54,7.765,7.631,6.836,0.98,0.886,0.261,0.3
cell_0772,0.229,0.073,0.109,0.107,0.077,0.436,0.385,3.83,0.255,6.895,9.242,7.845,3.461,7.229,7.368,7.881,0.965,0.876,0.204,0.13
cell_0773,0.295,0.038,0.109,0.024,0.132,0.426,0.271,3.699,0.388,8.019,7.966,8.304,2.801,8.009,7.298,7.924,1.102,1.26,0.107,0.286
cell_0774,0.243,0.0,0.104,0.224,0.083,0.448,0.278,4.062,0.327,7.537,10.542,7.505,3.717,8.74,6.301,7.916,1.12,0.938,0.123,0.161
cell_0775,0.334,0.184,0.152,0.102,0.217,0.348,0.372,4.042,0.395,7.623,6.941,8.278,4.118,7.742,7.811,9.482,1.24,1.08,0.191,0.197
cell_0776,0.315,0.165,0.046,0.056,0.069,0.36,0.332,4.486,0.331,7.866,7.316,8.349,3.795,7.009,8.191,9.744,1.27,0.928,0.165,0.123
cell_0777,0.357,0.087,0.108,0.094,0.0,0.432,0.273,4.781,0.233,7.92,9.393,8.968,3.493,8.967,8.648,8.475,1.043,1.077,0.177,0.185
cell_0778,0.325,0.027,0.052,0.078,0.08,0.449,0.299,4.411,0.308,10.217,8.787,10.115,3.301,7.763,7.095,7.699,1.268,1.06,0.118,0.257
cell_0779,0.287,0.087,0.117,0.152,0.139,0.322,0.268,4.073,0.283,7.703,8.71,8.616,3.46,8.295,6.515,9.513,1.046,1.014,0.246,0.216
cell_0780,0.249,0.159,0.086,0.093,0.153,0.356,0.209,3.703,0.312,8.324,9.62,8.483,3.503,7.342,6.647,6.816,1.266,1.044,0.265,0.172
cell_0781,0.222,0.109,0.05,0.092,0.083,0.462,0.299,4.483,0.352,10.194,9.232,8.0,3.485,7.34,6.127,8.059,1.144,0.748,0.165,0.241
cell_0782,0.266,0.091,0.051,0.089,0.065,0.454,0.316,4.389,0.32,6.836,10.277,9.841,3.825,8.521,7.092,7.86,1.14,1.013,0.287,0.122
cell_0783,0.309,0.176,0.105,0.155,0.132,0.369,0.42,3.776,0.225,9.313,8.762,8.971,3.574,7.514,6.108,6.069,1.153,0.992,0.224,0.192
cell_0784,0.312,0.0,0.128,0.148,0.101,0.428,0.353,3.594,0.331,8.962,9.583,9.916,3.141,7.678,6.292,9.043,1.131,0.706,0.205,0.223
cell_0785,0.318,0.104,0.079,0.029,0.082,0.376,0.331,3.856,0.331,6.824,9.565,9.969,3.417,7.923,6.195,7.219,1.157,0.807,0.213,0.179
cell_0786,0.249,0.06,0.095,0.114,0.167,0.399,0.296,4.294,0.352,9.602,10.651,7.41,3.867,9.107,7.202,7.687,1.035,1.064,0.112,0.273
cell_0787,0.327,0.176,0.056,0.086,0.038,0.417,0.316,3.344,0.28,8.111,9.283,9.544,3.112,5.714,8.842,6.326,1.138,0.779,0.105,0.279
cell_0788,0.289,0.084,0.147,0.091,0.0,0.37,0.322,4.816,0.381,8.107,10.02,8.189,4.357,7.443,7.267,7.337,1.116,0.885,0.144,0.201
cell_0789,0.317,0.159,0.083,0.084,0.06,0.334,0.35,4.336,0.312,9.278,10.305,7.585,3.96,7.37,7.531,7.501,0.943,1.009,0.115,0.251
cell_0790,0.327,0.14,0.008,0.066,0.056,0.438,0.341,4.293,0.351,7.157,10.719,9.33,3.872,7.131,6.297,9.577,1.077,0.926,0.223,0.195
cell_0791,0.266,0.097,0.087,0.071,0.071,0.479,0.245,4.106,0.338,9.578,11.406,8.795,3.95,6.466,6.001,6.995,1.211,0.881,0.239,0.208
cell_0792,0.248,0.117,0.059,0.063,0.046,0.532,0.269,4.243,0.285,6.622,8.853,8.015,3.066,8.508,5.621,8.356,1.129,0.874,0.212,0.251
cell_0793,0.251,0.095,0.134,0.101,0.0,0.413,0.363,4.77,0.249,7.406,8.566,10.707,3.786,6.914,8.813,8.612,0.996,0.941,0.187,0.199
cell_0794,0.281,0.091,0.095,0.103,0.147,0.407,0.208,4.671,0.366,8.943,11.199,7.016,4.091,8.702,5.872,7.707,1.116,1.075,0.102,0.139
cell_0795,0.281,0.126,0.096,0.174,0.132,0.388,0.318,3.852,0.303,9.672,8.792,9.413,3.352,8.094,7.639,7.156,1.068,0.959,0.166,0.163
cell_0796,0.297,0.103,0.116,0.119,0.095,0.357,0.233,4.611,0.274,8.396,10.859,9.688,2.454,6.048,8.233,8.016,0.926,1.043,0.141,0.212
cell_0797,0.215,0.101,0.047,0.042,0.197,0.312,0.325,4.54,0.28,10.001,9.56,8.909,3.621,6.858,6.374,8.015,1.136,0.845,0.19,0.252
cell_0798,0.344,0.105,0.056,0.062,0.061,0.393,0.297,4.41,0.276,9.553,9.526,9.29,3.628,7.92,7.113,7.717,1.05,1.035,0.173,0.235
cell_0799,0.332,0.199,0.009,0.139,0.093,0.352,0.254,3.476,0.388,9.797,7.547,5.139,3.671,7.283,7.992,7.008,1.134,0.825,0.276,0.192
cell_0800,0.179,0.111,0.091,0.083,0.1,0.439,0.346,4.519,0.381,11.192,8.179,7.624,2.974,6.114,6.191,7.822,1.14,1.023,0.255,0.24
